cvss_base_score,exploitability_score,impact_score,asset_criticality,network_exposure,exploit_available,days_since_published,device_type,mitre_attack_technique_count,risk_priority
4.8,9.6,5.2,high,0.11,0,783,workstation,4,2
8.2,1.4,4.1,critical,0.67,0,737,firewall,4,2
5.8,1.4,8.7,medium,0.3,1,1142,printer,2,2
8.5,7.3,4.6,high,0.33,1,766,printer,5,3
7.0,8.3,1.8,critical,0.66,0,863,workstation,9,3
4.2,5.6,9.1,low,0.47,1,40,workstation,8,3
2.0,9.7,2.4,high,0.57,1,1982,server,2,2
3.6,1.5,7.2,low,0.15,0,1111,server,1,1
7.6,7.1,5.6,low,0.95,0,1714,ids,11,3
3.1,8.3,6.9,medium,0.14,1,644,printer,1,2
3.7,7.9,7.5,high,0.95,1,241,ids,0,3
5.7,4.9,2.5,high,0.58,1,1364,firewall,3,2
9.1,8.3,7.8,low,0.39,1,1673,firewall,0,4
8.9,9.2,3.2,medium,0.69,0,265,firewall,8,3
2.0,6.2,9.8,critical,0.99,0,27,firewall,9,2
6.7,9.0,7.6,critical,0.54,1,844,workstation,2,4
6.2,4.5,5.9,low,0.17,0,937,server,10,2
6.3,4.7,1.2,critical,0.74,1,956,firewall,2,3
9.0,7.0,6.9,high,1.0,1,163,server,2,4
8.2,6.7,4.4,medium,0.52,1,329,firewall,0,3
6.0,7.6,9.7,critical,0.66,1,1567,ids,5,4
5.8,3.4,9.3,medium,0.12,0,111,server,7,2
3.5,5.2,4.6,medium,0.25,1,879,server,10,2
9.3,5.2,6.9,critical,0.77,1,1172,workstation,3,4
7.2,4.8,7.7,high,0.57,0,1074,printer,4,3
6.8,6.2,2.6,critical,0.78,0,1864,server,10,3
2.6,4.3,8.2,low,0.26,1,726,server,6,2
9.6,1.7,9.2,medium,0.72,1,740,workstation,2,4
6.2,1.5,8.2,high,0.12,1,1175,server,0,2
6.4,3.5,3.6,critical,0.57,0,509,workstation,7,2
3.9,5.7,3.9,high,0.17,1,1045,workstation,9,2
7.9,6.2,7.2,low,0.12,1,1702,printer,3,3
6.1,6.6,8.7,high,0.14,0,180,printer,7,2
4.6,6.7,7.7,medium,0.22,1,704,ids,6,3
4.0,9.9,2.3,low,0.92,0,745,server,9,2
3.2,5.4,3.7,low,0.76,1,787,server,3,2
6.7,1.3,8.4,high,0.98,1,539,ids,7,3
9.0,8.3,1.7,high,0.94,0,1258,firewall,8,3
6.4,5.7,5.2,medium,0.11,1,1645,server,3,2
2.3,9.4,6.7,medium,0.5,0,532,firewall,8,2
2.1,6.4,5.1,low,0.27,0,395,firewall,9,1
9.7,7.8,3.8,low,0.6,1,1137,workstation,7,4
3.0,2.6,5.3,low,0.88,1,763,firewall,8,2
8.5,6.2,1.7,high,0.54,1,1739,printer,5,3
8.6,4.3,1.9,low,0.7,1,1334,workstation,0,3
6.5,2.2,5.4,critical,0.85,1,903,firewall,7,3
2.1,6.0,7.3,low,0.91,1,773,server,12,3
4.9,2.2,4.2,low,0.95,0,447,server,7,2
8.1,2.7,5.5,critical,0.34,1,924,server,8,3
4.1,5.9,2.2,low,0.16,1,1724,workstation,2,2
2.3,8.3,5.6,low,0.42,0,971,server,9,2
4.5,3.4,5.4,high,0.83,0,1463,printer,1,2
8.1,8.0,8.6,low,0.7,1,1622,ids,1,4
4.9,1.6,1.0,low,0.47,1,92,ids,3,2
8.7,7.5,8.8,high,0.81,1,1436,workstation,5,4
4.5,7.1,1.5,critical,0.58,1,1329,firewall,6,2
6.3,2.0,4.7,high,0.38,1,1137,workstation,5,2
7.0,6.5,3.0,medium,0.11,1,1163,workstation,7,2
6.1,3.8,6.1,medium,0.14,1,1354,ids,8,2
4.1,8.5,1.7,high,0.75,0,124,server,5,2
4.9,2.1,8.7,medium,0.62,1,821,firewall,9,3
6.7,6.8,9.2,medium,0.67,1,1273,printer,0,4
7.3,2.7,6.2,medium,0.69,0,1702,workstation,7,3
9.5,8.6,4.3,medium,0.8,1,1836,ids,4,4
9.2,8.9,5.2,medium,0.36,1,1073,firewall,10,4
4.2,3.4,3.6,low,0.14,0,1034,ids,5,1
5.1,6.7,9.2,high,0.85,0,122,printer,5,3
8.8,4.2,9.1,low,0.74,1,1014,firewall,5,4
4.8,4.0,3.0,medium,0.93,1,1786,firewall,11,3
6.4,8.7,1.9,critical,0.19,0,1441,workstation,7,2
4.7,3.9,6.4,low,0.56,1,1286,server,1,3
6.3,3.2,4.2,medium,0.9,1,998,printer,7,3
8.0,5.7,5.2,medium,0.76,0,803,workstation,5,3
8.5,4.1,9.5,critical,0.44,0,507,ids,9,3
6.2,2.4,3.2,high,0.21,1,1367,ids,6,2
9.2,2.9,1.1,low,0.32,1,102,printer,12,3
6.3,8.2,3.8,critical,0.98,0,735,ids,12,3
4.9,4.7,9.9,low,0.15,1,1097,printer,1,3
7.2,7.0,9.4,low,0.97,0,573,workstation,7,4
8.8,3.3,2.6,critical,0.91,0,472,ids,2,3
3.2,7.8,4.3,high,0.3,1,250,printer,12,2
6.0,1.7,3.2,critical,0.68,0,1888,firewall,7,2
3.0,7.1,3.7,medium,0.28,0,872,server,9,1
4.5,9.0,2.4,medium,0.71,1,326,workstation,4,3
2.2,2.2,5.0,critical,0.6,1,1320,firewall,2,2
7.9,9.9,1.5,low,0.87,0,627,server,10,3
2.9,3.4,2.5,high,0.83,1,1819,server,9,2
10.0,9.8,4.0,high,1.0,1,1708,ids,4,4
6.9,7.0,7.6,low,0.6,1,96,printer,0,3
4.9,9.5,7.3,high,0.44,1,1549,workstation,7,3
6.1,7.6,2.0,low,0.2,1,153,firewall,4,2
8.9,5.9,4.6,high,0.65,0,572,workstation,6,3
3.9,8.7,1.3,high,0.51,1,1018,printer,4,2
9.4,6.3,8.8,critical,0.17,0,588,printer,5,3
6.2,5.3,2.2,critical,0.61,0,447,firewall,4,2
9.3,2.9,8.8,low,0.84,1,966,printer,12,4
4.4,8.6,8.8,medium,0.42,1,1084,server,0,3
8.2,4.6,4.2,high,0.95,1,1919,ids,4,3
9.1,6.2,9.3,low,0.2,1,1354,ids,5,4
4.6,7.4,8.4,critical,0.11,1,570,firewall,6,3
2.1,7.0,7.8,critical,0.39,0,1225,ids,12,2
2.6,2.2,7.6,high,0.21,1,728,ids,12,2
6.1,1.4,8.2,high,0.33,0,1416,server,12,2
2.9,7.7,5.7,critical,0.46,0,1584,printer,3,2
2.9,3.2,4.1,high,0.83,1,418,firewall,10,2
8.7,1.6,2.9,medium,0.93,1,569,printer,6,3
4.7,9.8,6.8,high,0.59,1,1427,workstation,8,3
2.0,9.0,7.0,critical,0.77,0,388,firewall,5,2
6.0,9.9,2.4,high,0.62,1,406,workstation,1,3
8.8,8.5,9.5,high,0.55,0,589,printer,2,4
8.0,9.1,7.0,low,0.26,0,1528,printer,8,3
7.8,6.5,7.2,high,0.25,0,1072,workstation,4,3
8.0,7.8,7.7,critical,0.22,1,570,ids,7,3
9.6,2.9,1.3,high,0.31,1,1062,server,7,3
7.6,8.8,8.8,high,0.98,0,170,server,11,4
7.2,9.8,9.6,high,0.77,0,1221,server,9,4
6.6,1.8,1.5,medium,0.5,1,120,firewall,0,2
9.5,3.6,9.1,low,0.7,0,397,workstation,6,3
8.4,2.2,8.7,medium,0.37,1,1577,workstation,6,3
6.6,9.8,2.9,critical,0.71,1,1011,workstation,3,3
4.2,9.9,3.4,high,0.3,1,913,server,4,2
4.5,9.8,6.9,high,1.0,0,1788,firewall,3,3
7.6,2.6,5.6,critical,0.99,1,1107,firewall,3,3
3.4,9.0,4.6,medium,0.38,1,659,ids,8,2
6.4,6.2,4.0,low,0.9,0,925,firewall,6,3
4.4,7.7,4.6,critical,0.75,0,629,ids,3,2
3.3,8.3,4.4,medium,0.22,0,1591,workstation,9,2
4.2,5.0,8.4,low,0.14,1,1927,server,10,2
3.8,5.3,2.3,critical,0.34,1,1762,firewall,12,2
2.1,8.4,5.8,low,0.65,1,1531,workstation,10,2
7.6,8.2,3.5,medium,0.31,1,827,ids,12,3
3.3,1.1,7.3,critical,0.27,0,754,server,4,1
4.6,2.5,8.9,low,0.37,1,1517,workstation,2,2
6.9,5.9,7.4,medium,0.73,1,1781,server,0,3
9.3,4.5,5.6,critical,0.15,0,1178,firewall,3,3
4.4,6.7,7.1,critical,0.22,0,1699,workstation,12,2
5.2,6.7,8.9,medium,0.39,0,827,workstation,0,2
3.4,1.5,5.2,low,0.62,0,315,server,4,1
3.1,2.3,6.0,critical,0.17,0,1199,server,7,1
3.2,1.6,7.3,low,0.59,0,127,printer,12,2
5.0,5.9,4.5,high,0.85,0,205,server,4,2
6.8,6.7,7.2,low,0.8,0,840,ids,4,3
7.8,7.6,5.1,high,0.88,0,115,workstation,12,3
5.1,1.8,6.9,critical,0.91,0,39,ids,11,2
6.3,7.8,6.2,medium,0.84,0,1489,printer,4,3
3.3,9.3,2.4,low,0.96,1,1083,printer,2,3
7.5,5.9,5.2,medium,0.44,0,1669,printer,11,3
4.9,3.7,2.8,low,0.27,1,808,printer,4,2
3.8,4.8,3.2,high,0.9,1,774,ids,4,2
8.7,4.2,9.3,low,0.28,0,1463,ids,0,3
7.0,2.9,1.0,medium,0.42,0,1630,ids,7,2
2.2,6.8,8.4,critical,1.0,1,741,firewall,0,3
6.2,7.5,9.4,low,0.67,1,1561,workstation,8,4
5.5,2.2,9.1,critical,0.17,0,678,printer,6,2
6.6,7.9,9.8,medium,0.14,1,861,ids,3,3
8.0,3.9,1.1,low,0.93,0,261,printer,1,3
8.3,9.0,6.4,low,0.47,1,178,server,3,4
6.9,8.2,1.6,low,0.62,1,319,firewall,2,3
9.5,3.6,2.9,medium,0.59,0,1458,ids,12,3
3.5,3.2,5.1,medium,0.32,0,1230,workstation,1,1
9.7,1.3,9.4,critical,0.46,0,193,ids,1,3
5.0,2.5,1.3,critical,0.91,0,1220,workstation,5,2
3.9,1.5,8.5,critical,0.46,0,1739,firewall,1,2
6.6,6.4,9.2,low,0.19,0,1922,printer,6,3
6.6,5.3,1.2,critical,0.43,1,1112,printer,4,2
7.8,4.5,4.7,low,0.66,0,968,firewall,6,3
8.5,8.7,2.1,medium,0.1,1,1086,server,11,3
7.8,8.7,3.8,low,0.63,1,427,firewall,12,3
4.5,4.2,6.3,medium,0.95,0,480,server,7,2
3.1,4.4,8.8,medium,0.87,1,1667,server,12,3
9.7,3.4,1.0,high,0.62,1,767,workstation,8,3
8.2,5.1,5.4,high,0.56,1,1981,firewall,9,3
3.7,9.0,5.2,low,0.39,0,724,workstation,1,2
7.1,2.6,9.2,low,0.34,0,1016,ids,9,2
6.7,5.5,8.3,critical,0.19,1,323,workstation,0,3
2.7,2.9,7.0,medium,0.42,1,1065,printer,9,2
5.3,1.7,1.5,low,0.87,1,421,firewall,7,2
9.4,8.5,9.9,medium,0.63,1,866,server,9,4
5.9,5.3,1.4,low,0.65,0,546,workstation,2,2
5.2,2.8,4.3,medium,0.88,0,536,firewall,4,2
8.7,8.9,4.2,high,0.12,0,288,ids,2,3
5.8,8.1,7.0,high,0.29,1,1105,server,10,3
4.2,6.5,7.8,high,0.36,0,664,server,1,2
7.0,7.6,7.5,high,0.24,1,1964,ids,0,3
7.4,5.4,9.2,high,0.34,1,1944,workstation,10,3
4.2,2.8,7.6,high,0.96,0,376,server,3,2
5.3,7.9,7.8,critical,0.41,0,352,workstation,5,3
7.4,5.8,3.4,medium,0.15,0,263,server,11,2
8.1,2.9,3.1,medium,0.34,0,412,workstation,0,2
5.9,2.2,8.5,critical,0.84,0,1922,ids,8,3
3.4,9.2,7.9,medium,0.3,1,1396,printer,9,3
4.1,9.6,8.5,critical,0.24,0,1173,printer,10,2
6.8,9.9,4.0,critical,0.88,1,612,server,7,4
6.8,2.2,8.7,low,0.75,0,1313,ids,4,3
4.0,2.2,3.4,medium,0.79,1,1027,printer,3,2
7.2,5.9,8.9,medium,0.53,1,237,printer,10,3
5.9,5.8,1.9,low,0.5,0,352,workstation,0,2
3.5,1.1,2.3,high,0.27,1,1565,server,0,1
2.8,4.1,4.7,critical,0.83,1,1145,firewall,8,2
7.3,9.5,1.1,low,0.34,0,1472,printer,8,2
2.6,6.8,5.9,medium,0.37,1,687,printer,0,2
5.4,3.2,8.8,critical,0.48,0,420,workstation,1,2
4.4,5.5,4.4,critical,0.64,1,1862,workstation,12,3
6.2,8.4,7.8,high,0.51,1,364,server,4,3
5.6,4.5,9.8,high,0.54,1,782,server,9,3
2.9,9.4,4.0,medium,0.66,1,1400,server,3,3
9.6,3.7,7.8,critical,0.79,0,1884,ids,3,3
7.4,1.1,4.9,critical,0.59,1,413,printer,1,3
4.4,8.5,7.8,medium,0.76,1,618,ids,6,3
7.8,8.8,9.4,high,0.52,1,1975,ids,7,4
9.0,1.6,3.9,medium,0.19,0,1380,workstation,9,2
2.4,3.6,5.2,medium,0.24,1,1300,workstation,0,2
2.4,1.6,9.5,high,0.66,1,749,workstation,9,2
2.3,2.7,9.6,low,0.69,0,993,printer,9,2
6.2,5.3,3.8,medium,0.68,1,1675,printer,2,3
5.5,1.6,9.9,critical,0.56,0,1565,printer,7,2
9.2,2.7,9.7,high,0.54,1,361,workstation,10,4
7.8,8.3,9.5,high,0.24,1,1840,ids,10,4
7.0,2.0,3.7,low,0.65,0,1308,printer,3,2
3.0,1.6,8.9,medium,0.23,0,113,ids,1,1
8.7,8.4,7.6,high,0.37,0,1681,firewall,2,3
8.6,7.2,8.0,critical,0.93,1,1029,ids,9,4
4.9,7.8,2.0,medium,0.39,0,320,ids,4,2
3.2,7.5,7.3,low,0.87,1,1829,workstation,9,3
5.0,9.8,4.3,critical,0.6,1,1693,firewall,7,3
2.3,5.7,5.5,low,0.32,1,615,printer,12,2
9.9,7.7,6.3,high,0.83,0,1358,printer,8,4
3.2,3.2,9.1,critical,0.15,1,143,firewall,10,2
2.3,1.4,6.2,high,0.83,1,849,workstation,5,2
6.8,5.7,3.5,low,0.68,0,390,printer,4,2
3.5,4.7,7.7,medium,0.61,0,937,server,8,2
4.7,8.6,7.1,low,0.93,0,1740,workstation,12,3
5.0,5.3,8.6,critical,0.77,0,1296,ids,10,3
8.4,7.3,4.8,low,0.72,0,648,workstation,6,3
8.4,6.5,4.2,critical,0.58,0,1124,server,2,3
4.6,3.7,2.0,critical,0.25,0,100,workstation,7,1
3.3,7.4,1.9,low,0.52,1,1395,printer,1,2
9.0,3.3,6.9,low,0.31,1,1508,server,7,3
3.1,9.5,6.0,critical,0.27,1,585,workstation,11,2
7.0,1.2,5.5,low,0.54,0,920,firewall,1,2
2.1,9.0,1.9,low,0.41,1,949,server,8,2
3.8,6.1,1.9,low,0.27,1,1498,firewall,1,2
5.0,6.5,9.6,low,0.56,1,1483,printer,11,3
2.4,2.2,1.8,critical,0.79,0,1600,ids,2,1
5.2,8.5,2.7,medium,0.92,1,246,workstation,10,3
6.3,6.9,7.9,high,0.34,1,1530,firewall,6,3
9.8,5.1,7.6,high,0.73,0,1434,workstation,6,3
5.2,9.2,7.5,critical,0.27,0,1055,workstation,4,2
8.8,4.9,6.0,high,0.49,1,1721,server,3,3
9.0,2.2,8.3,medium,0.99,0,1879,printer,12,3
8.7,6.3,10.0,low,0.93,0,531,ids,4,4
6.6,2.5,8.7,low,0.85,1,1325,workstation,7,3
4.7,7.0,3.1,medium,0.74,0,271,printer,8,2
4.7,8.5,7.2,low,0.5,0,309,printer,6,3
3.8,3.4,2.0,low,0.61,0,1660,ids,10,1
9.6,6.6,2.3,medium,0.95,1,1898,ids,7,4
7.6,7.7,2.9,low,0.54,1,671,workstation,9,3
8.8,8.5,7.6,critical,0.45,0,809,server,8,3
7.0,3.9,2.1,low,0.61,0,286,printer,4,2
2.7,5.0,1.5,critical,0.78,0,371,printer,4,1
8.1,9.9,2.4,low,0.39,1,324,ids,0,3
5.3,4.2,8.0,low,0.2,1,1139,printer,0,2
9.5,3.0,4.9,medium,0.48,0,1895,firewall,6,3
5.6,3.6,5.0,high,0.62,1,1148,firewall,3,3
2.0,1.0,9.0,critical,0.24,0,1955,printer,0,1
4.1,1.2,9.8,medium,0.3,1,1670,printer,3,2
3.3,6.0,4.9,medium,0.99,0,1800,server,12,2
7.6,9.0,3.4,high,0.33,1,247,server,0,3
6.5,8.3,9.1,critical,0.87,1,1542,ids,3,4
9.9,2.8,7.2,critical,0.73,0,1547,printer,12,3
6.7,3.8,4.7,high,0.33,1,834,ids,12,3
3.4,2.9,8.3,medium,0.34,0,243,ids,1,2
4.2,5.2,7.8,medium,0.27,0,987,printer,6,2
9.3,2.9,4.6,critical,0.69,1,1201,workstation,3,3
6.2,6.8,9.0,low,0.9,0,1416,server,0,3
8.0,6.0,7.1,critical,0.56,0,1119,printer,12,3
9.2,1.3,9.3,medium,0.15,1,924,firewall,1,3
7.2,9.9,9.2,high,0.77,1,1611,printer,6,4
7.9,4.0,6.6,medium,0.43,1,1159,workstation,8,3
2.4,2.8,2.8,low,0.2,1,1016,ids,8,1
4.3,3.5,5.9,low,0.31,0,178,workstation,3,2
4.0,1.5,4.4,medium,0.42,1,350,printer,4,2
9.2,8.7,4.5,low,0.76,1,1660,firewall,7,4
8.2,7.7,9.4,critical,0.86,0,1636,workstation,10,4
8.0,7.9,1.9,high,0.59,0,1539,printer,12,3
6.3,3.1,5.6,medium,0.39,1,1135,firewall,6,3
7.4,4.1,3.9,high,0.22,1,656,workstation,11,3
9.9,5.8,8.5,critical,0.93,1,1654,workstation,7,4
4.3,4.4,8.3,high,0.83,0,681,server,4,2
9.7,3.8,3.5,low,0.45,1,1010,firewall,6,3
9.6,5.6,3.8,medium,0.41,1,282,workstation,6,3
9.6,7.1,9.7,medium,0.38,0,1102,firewall,0,3
4.1,7.9,4.7,medium,0.95,0,149,printer,6,3
3.8,6.6,7.9,medium,0.69,0,1266,printer,8,2
2.1,6.6,1.8,high,0.24,0,1836,firewall,10,1
4.8,5.5,2.2,medium,0.96,1,110,workstation,9,3
5.1,1.7,7.6,low,0.22,1,326,server,12,2
3.4,4.3,2.7,critical,0.78,0,385,printer,4,2
5.7,7.6,2.1,medium,0.28,0,1714,workstation,4,2
6.7,8.1,2.3,low,0.18,0,594,server,6,2
2.6,6.4,3.9,medium,0.56,0,67,printer,2,2
10.0,7.6,4.6,critical,0.76,0,835,server,9,3
6.5,3.9,7.5,medium,1.0,0,242,firewall,3,3
3.3,4.4,8.7,medium,0.78,0,1033,ids,0,2
5.1,9.9,5.4,critical,0.26,0,1504,ids,6,2
9.6,1.4,8.2,medium,0.8,1,443,server,6,4
4.0,5.4,4.0,medium,0.71,1,160,workstation,4,2
7.2,1.1,4.3,medium,0.54,1,160,ids,3,3
6.7,6.0,7.7,high,0.8,1,510,workstation,11,4
4.7,6.4,7.0,low,0.92,1,83,server,8,3
8.1,3.7,3.9,critical,0.19,0,88,ids,10,2
5.9,2.4,4.8,medium,0.96,0,1235,workstation,3,2
8.1,1.9,8.9,medium,0.84,0,474,firewall,4,3
3.8,5.4,9.2,high,0.81,1,1310,server,8,3
5.9,4.0,9.2,high,0.6,1,1892,server,7,3
3.7,3.1,5.3,low,0.26,0,966,server,11,1
8.7,1.4,5.4,high,0.62,1,274,ids,0,3
3.1,6.7,3.0,low,0.95,0,1716,workstation,5,2
5.5,3.7,1.7,high,0.52,1,703,printer,9,2
9.6,6.8,8.3,low,0.32,1,1698,workstation,4,4
7.6,2.2,5.6,medium,0.33,1,1418,ids,3,3
2.8,3.8,5.1,low,0.98,0,481,server,8,2
2.6,6.5,6.5,high,0.29,0,1101,server,6,2
6.2,8.3,2.2,low,0.12,1,200,server,5,2
2.6,8.3,6.2,low,0.23,0,1817,printer,4,2
3.7,9.4,3.4,high,0.53,0,692,workstation,10,2
4.2,6.7,6.4,medium,0.32,0,539,server,3,2
5.9,5.6,8.5,critical,0.9,0,1447,workstation,7,3
6.2,2.0,7.1,high,0.52,0,695,server,11,2
3.8,4.5,1.7,medium,0.85,1,1614,ids,3,2
8.7,9.3,5.4,critical,0.51,0,1628,server,4,3
2.3,1.4,5.2,high,0.47,1,1805,server,11,2
2.1,5.9,3.4,low,0.2,1,1804,workstation,11,2
2.4,3.7,2.1,low,0.65,0,1770,workstation,11,1
2.5,8.3,7.4,high,0.2,0,1145,firewall,2,2
7.1,5.4,8.3,low,0.88,1,1428,printer,0,4
8.9,4.9,2.0,high,0.63,0,299,printer,1,3
9.8,4.5,1.2,low,0.93,1,1931,server,6,3
8.9,8.5,8.2,critical,0.13,0,1872,server,1,3
5.2,9.1,4.8,medium,0.64,1,1438,server,5,3
8.8,5.4,6.3,medium,0.39,1,1895,server,2,3
7.2,9.9,2.6,high,0.99,0,1184,ids,11,3
7.9,1.3,2.8,high,0.3,0,470,firewall,8,2
9.6,8.2,1.9,high,0.35,1,1873,workstation,6,3
6.7,2.3,5.7,medium,0.7,0,668,firewall,9,2
3.2,9.3,4.6,low,0.73,0,1980,firewall,10,2
9.4,2.7,8.2,medium,0.12,1,371,ids,6,3
7.9,1.9,3.5,critical,0.55,1,889,workstation,7,3
4.3,1.4,5.4,medium,0.79,0,1340,firewall,1,2
9.2,2.6,7.0,critical,0.12,0,1676,workstation,6,2
8.3,9.7,7.0,medium,0.11,0,472,ids,10,3
5.2,2.6,2.6,medium,0.16,0,528,firewall,6,1
9.1,8.0,3.6,medium,0.72,0,1214,ids,12,3
6.1,4.6,3.2,high,0.24,0,832,server,12,2
2.1,2.0,4.4,critical,0.97,1,1108,printer,10,2
5.3,9.9,9.3,critical,0.46,1,596,printer,7,3
3.7,9.7,9.6,high,0.84,0,816,ids,6,3
7.0,8.9,3.3,high,0.42,0,1004,printer,8,3
9.0,9.1,6.5,low,0.24,0,442,printer,6,3
8.1,8.7,4.9,critical,0.56,0,77,firewall,10,3
9.2,3.5,3.3,low,0.7,0,1503,firewall,8,3
3.4,3.5,8.3,critical,0.98,1,903,ids,4,3
6.4,1.8,7.1,high,0.64,0,602,server,11,2
10.0,3.6,5.1,critical,0.77,1,762,printer,3,4
7.7,2.0,9.5,critical,0.56,0,366,workstation,4,3
3.3,9.9,8.1,high,0.51,0,1165,workstation,4,2
9.5,3.0,3.6,medium,0.35,1,1815,workstation,10,3
3.7,8.3,7.8,medium,0.78,0,1188,server,5,3
6.5,5.4,2.9,medium,0.29,0,1106,ids,11,2
3.2,9.9,7.0,critical,0.79,1,1297,server,11,3
8.9,8.3,3.9,critical,0.82,0,197,ids,5,3
6.4,3.8,4.9,medium,0.63,1,1036,workstation,6,3
2.9,6.0,8.2,medium,1.0,1,1363,workstation,6,3
4.8,2.9,5.9,critical,0.24,1,976,server,12,2
4.5,2.8,5.1,critical,0.88,0,1226,ids,1,2
4.1,1.2,7.6,low,0.17,1,1679,server,4,2
6.7,7.9,6.7,critical,0.59,0,295,firewall,1,3
3.6,1.5,4.4,high,0.49,1,1875,workstation,12,2
3.3,6.9,5.0,critical,0.92,1,989,firewall,11,3
4.3,8.4,7.2,critical,0.71,1,1368,workstation,3,3
3.3,7.0,7.5,low,0.62,0,235,ids,3,2
3.9,5.5,6.4,critical,0.47,0,1399,firewall,1,2
8.2,7.8,3.3,low,0.45,0,239,ids,12,3
4.6,4.3,8.1,high,0.34,1,583,workstation,4,3
7.2,2.2,2.4,high,0.18,0,1266,ids,2,2
4.3,8.6,3.5,medium,0.66,0,1508,printer,12,2
6.3,5.1,2.9,high,0.51,1,1832,workstation,1,3
2.4,4.5,7.1,high,0.75,0,1944,printer,5,2
7.7,5.5,1.0,critical,0.71,0,223,ids,4,2
2.0,1.7,6.7,high,0.89,1,1296,server,9,2
4.1,9.3,7.3,medium,0.89,1,1308,printer,3,3
2.3,2.5,1.6,high,0.64,1,394,workstation,11,2
8.7,2.2,6.1,critical,0.3,0,1607,firewall,4,2
9.3,9.1,3.5,medium,0.19,1,1178,server,9,3
7.6,5.0,5.1,low,0.3,0,1946,server,2,2
7.5,9.7,6.7,high,0.68,0,1409,workstation,11,3
2.7,6.5,4.3,medium,0.88,1,1852,server,7,3
5.3,2.6,1.1,low,0.89,1,65,server,3,2
5.4,7.9,4.4,critical,0.97,0,1179,ids,0,3
5.4,8.9,6.2,low,0.78,1,722,ids,11,3
6.2,8.6,2.0,high,0.52,0,982,server,8,2
5.6,7.3,8.5,critical,0.12,1,1451,workstation,2,3
4.7,4.5,1.3,critical,0.5,1,957,workstation,5,2
5.7,7.3,9.5,medium,0.19,1,403,server,12,3
8.2,1.3,6.2,medium,0.68,1,1142,printer,4,3
7.6,9.0,7.1,critical,0.99,0,930,workstation,10,4
9.3,4.3,9.4,critical,0.72,1,1776,workstation,0,4
7.7,4.6,5.1,medium,0.21,1,1384,firewall,1,3
5.7,5.5,7.3,medium,0.11,1,629,workstation,9,3
4.2,3.2,5.0,low,0.25,1,1903,printer,10,2
8.3,2.8,6.9,low,0.93,1,403,server,7,4
9.7,8.7,2.1,high,0.5,0,1194,workstation,8,3
9.2,5.6,1.5,low,0.44,0,351,firewall,3,2
6.4,6.3,8.7,medium,0.26,0,1580,printer,5,3
2.5,5.9,8.3,low,0.14,1,713,server,1,2
3.9,9.0,1.6,critical,0.13,0,411,workstation,5,1
2.3,1.4,2.5,low,0.62,1,1653,printer,5,1
6.5,5.6,7.1,low,0.39,0,1531,firewall,2,2
8.5,1.1,8.7,low,0.46,1,1190,server,1,3
4.3,8.5,3.2,medium,0.41,0,1006,workstation,0,2
5.3,4.6,5.4,medium,0.26,0,1313,printer,10,2
7.5,4.3,3.6,critical,0.56,0,712,firewall,1,2
8.1,3.1,1.2,low,0.12,0,1519,ids,9,2
5.9,1.7,4.5,high,0.57,1,1481,ids,2,2
3.4,8.3,4.5,critical,0.95,1,125,printer,9,3
3.9,8.1,3.2,low,0.92,1,362,workstation,2,3
3.4,4.0,5.8,critical,0.37,1,1501,printer,1,2
3.0,9.9,1.0,critical,0.84,1,1808,workstation,0,3
6.6,8.1,9.1,high,0.91,1,275,workstation,12,4
4.2,3.5,2.8,medium,0.8,0,695,server,3,2
7.4,8.5,4.8,critical,0.9,0,501,printer,6,3
8.2,1.3,8.8,medium,0.28,1,934,firewall,0,3
9.5,8.5,4.8,critical,0.46,1,1066,ids,4,4
7.5,7.0,8.6,medium,0.18,1,1706,printer,9,3
8.3,8.0,6.9,critical,0.68,0,1974,server,5,3
5.3,8.6,1.5,critical,0.9,1,1928,printer,8,3
3.5,5.2,1.1,low,0.61,1,1531,workstation,2,2
9.6,5.4,4.3,medium,0.63,0,1621,ids,9,3
3.8,3.3,6.1,medium,0.88,0,1365,printer,4,2
3.2,8.2,3.6,critical,0.81,1,1051,server,2,3
4.4,4.5,3.5,critical,0.88,0,355,workstation,11,2
2.5,7.8,5.1,critical,0.77,0,86,workstation,7,2
5.8,6.8,1.1,high,0.32,1,123,ids,8,2
2.1,6.2,8.6,medium,0.88,1,383,server,11,3
4.3,5.8,4.0,high,0.82,1,1051,firewall,6,3
2.7,1.8,6.6,medium,0.99,1,1063,printer,4,2
7.6,4.1,4.6,critical,0.61,1,273,workstation,12,3
8.9,3.5,3.8,medium,0.83,0,975,ids,6,3
8.7,4.7,1.8,high,0.54,0,681,printer,3,2
8.3,6.8,4.4,medium,0.82,0,475,server,2,3
2.1,2.4,5.1,critical,0.9,1,649,workstation,11,2
8.2,6.8,6.1,high,0.89,1,1524,server,12,4
3.2,9.4,4.4,high,0.69,0,18,workstation,9,2
4.1,9.8,6.5,critical,0.37,1,1374,printer,0,3
3.6,7.4,4.5,medium,0.82,0,1755,firewall,1,2
3.1,8.2,8.5,critical,0.75,1,80,ids,2,3
2.5,7.7,7.1,medium,0.83,1,1906,printer,6,3
5.5,3.5,7.9,high,0.12,0,1651,firewall,7,2
4.8,8.2,6.5,critical,0.38,0,412,workstation,0,2
9.2,4.1,2.9,high,0.34,1,516,firewall,10,3
7.5,1.9,2.5,high,0.25,0,460,printer,2,2
7.6,6.4,6.0,high,0.75,1,1092,workstation,2,4
3.4,7.2,8.8,critical,0.19,1,69,ids,9,2
6.1,2.4,5.9,low,0.79,1,437,printer,3,3
9.2,1.1,5.8,high,0.93,0,569,printer,5,3
5.3,7.8,7.3,medium,0.83,0,1532,printer,12,3
6.3,9.0,7.1,medium,0.24,0,1176,server,11,3
7.2,5.1,3.7,high,0.21,1,1524,firewall,12,3
3.4,6.4,1.5,critical,0.8,0,1598,ids,8,2
7.9,9.3,3.2,high,0.91,0,1656,printer,12,3
3.8,9.2,5.4,medium,0.16,1,100,firewall,10,2
8.1,4.0,2.6,medium,0.93,1,1193,workstation,2,3
5.6,2.9,7.9,critical,0.79,1,1729,ids,11,3
2.4,2.4,8.4,medium,0.36,1,1894,workstation,3,2
4.7,6.1,9.9,critical,0.28,1,770,workstation,9,3
8.2,9.4,5.6,low,0.92,1,1975,workstation,0,4
9.8,3.3,1.7,high,0.61,1,1937,firewall,0,3
4.3,2.4,6.2,low,0.62,1,1169,server,5,2
5.1,1.0,3.3,medium,0.86,0,411,ids,9,2
8.8,3.9,6.4,medium,0.32,1,345,firewall,4,3
8.3,6.1,4.1,low,0.16,1,764,firewall,4,3
7.7,9.9,8.2,low,0.87,1,690,firewall,8,4
5.2,1.4,3.2,medium,0.62,0,209,firewall,6,2
9.6,2.9,7.1,critical,0.84,0,1384,firewall,8,3
2.1,8.4,8.7,critical,0.96,1,1932,printer,4,3
3.8,2.8,4.0,critical,0.23,1,1930,workstation,3,2
5.5,8.0,8.6,low,0.66,1,1105,firewall,8,3
5.2,2.1,2.1,low,0.64,0,547,server,3,2
7.5,3.2,4.7,medium,0.32,0,1829,firewall,10,2
2.3,3.6,9.5,high,0.44,0,1551,ids,4,2
8.8,8.9,2.6,low,0.99,0,1732,printer,3,3
2.5,9.4,4.3,high,0.92,0,658,ids,6,2
4.2,3.1,1.3,high,0.57,0,1405,ids,10,1
6.6,9.8,8.2,medium,0.92,0,650,server,4,4
6.1,8.3,9.4,low,0.73,1,1359,printer,6,4
8.0,7.5,7.0,high,0.55,1,1874,workstation,3,4
9.1,3.5,8.9,high,0.43,1,580,ids,4,3
2.3,7.8,1.6,low,0.42,0,1286,printer,11,1
2.7,7.7,9.8,high,0.17,0,328,server,2,2
9.7,1.8,3.6,medium,0.46,0,1428,printer,10,2
3.9,8.0,6.2,critical,0.48,0,1582,printer,5,2
8.1,5.8,3.5,low,0.47,1,1320,printer,11,3
8.4,6.2,5.1,critical,0.24,1,187,printer,9,3
2.9,7.2,1.9,critical,0.48,0,335,printer,10,1
8.2,2.4,4.3,medium,0.4,0,1586,workstation,0,2
9.3,7.5,5.0,low,0.37,1,848,workstation,4,3
4.9,4.2,4.1,low,0.64,0,160,workstation,9,2
7.9,4.4,8.7,high,0.3,1,584,printer,5,3
6.9,8.1,7.1,low,0.3,0,80,ids,12,3
3.8,2.5,6.7,critical,0.48,0,923,printer,6,2
8.8,3.9,8.6,medium,0.42,0,851,server,7,3
8.4,6.7,5.5,high,0.57,0,1867,firewall,12,3
6.6,8.8,5.4,high,0.52,0,1404,firewall,5,3
2.2,3.3,8.2,critical,0.99,0,514,ids,4,2
6.0,3.9,3.8,low,1.0,1,1520,workstation,10,3
3.4,1.6,5.1,critical,0.47,1,990,firewall,1,2
2.6,3.1,6.6,critical,0.36,0,410,server,0,1
8.1,5.7,3.0,critical,0.98,1,8,printer,10,3
2.7,9.3,10.0,high,0.44,1,10,printer,2,3
3.3,6.6,2.2,low,0.91,0,607,firewall,0,2
3.4,9.4,3.5,medium,0.13,1,420,firewall,0,2
5.1,1.8,3.8,low,0.59,0,830,ids,0,2
7.9,5.9,9.5,low,0.65,1,1747,printer,2,4
2.2,7.8,2.2,high,0.38,1,932,server,5,2
7.5,1.8,4.0,high,0.57,0,1296,firewall,12,2
5.6,2.9,3.1,high,0.39,1,1891,ids,4,2
3.4,3.6,7.7,low,0.32,1,1363,workstation,10,2
7.1,6.5,2.2,medium,0.26,1,458,ids,10,3
5.5,8.0,6.2,low,0.62,1,589,workstation,12,3
3.3,4.1,2.6,high,0.94,1,969,ids,11,2
9.1,6.7,5.4,medium,0.33,1,568,ids,10,3
6.9,9.0,8.5,medium,0.4,1,404,printer,10,4
8.8,9.8,1.1,critical,0.67,0,1867,ids,4,3
5.2,5.1,2.3,low,0.96,0,345,ids,12,2
3.6,1.3,9.8,medium,0.31,1,680,ids,9,2
8.1,2.2,1.7,high,0.27,0,782,ids,10,2
8.8,5.8,3.6,low,0.27,0,1326,firewall,11,2
4.6,3.1,2.1,low,0.71,1,1051,ids,10,2
6.5,7.1,7.5,critical,0.92,0,1733,firewall,5,3
7.9,3.7,1.0,low,0.76,1,882,server,0,3
6.6,5.0,6.4,critical,0.88,1,192,server,1,3
7.6,1.9,5.5,medium,0.52,1,796,ids,10,3
3.5,8.8,4.4,high,0.1,0,2000,workstation,6,2
3.7,2.9,6.9,low,0.26,1,98,firewall,12,2
7.1,7.3,5.2,critical,0.22,0,526,printer,11,2
2.5,1.0,5.6,critical,0.25,1,1684,workstation,10,1
7.1,6.5,3.4,critical,0.5,0,451,ids,10,2
2.2,3.4,1.2,critical,0.18,1,1966,firewall,2,1
4.1,6.9,8.6,high,0.38,1,718,server,1,3
8.8,4.7,2.8,low,0.32,0,1696,firewall,6,2
4.5,3.3,4.4,low,0.53,0,949,workstation,2,2
7.0,4.9,6.0,high,0.64,1,1832,workstation,6,3
4.0,5.6,1.5,medium,0.76,1,1057,firewall,9,2
2.0,9.7,4.1,critical,0.78,1,779,server,11,3
6.0,4.3,7.3,critical,0.58,1,845,printer,1,3
2.8,5.4,8.8,critical,0.14,1,622,server,0,2
6.6,9.6,1.5,low,0.77,0,1174,printer,8,3
6.7,2.2,1.2,high,0.68,1,805,workstation,7,2
2.6,5.6,1.5,critical,0.91,1,761,printer,3,2
9.4,2.2,2.9,medium,0.76,1,1515,server,10,3
9.9,3.8,1.4,high,0.93,0,516,ids,12,3
5.2,9.4,4.4,medium,0.66,0,1018,ids,2,3
8.6,3.7,6.7,low,0.67,1,744,firewall,4,3
4.3,6.0,8.9,medium,0.96,1,85,workstation,6,3
8.9,9.6,3.1,medium,0.62,1,788,printer,12,4
7.3,6.0,1.2,critical,0.61,0,320,firewall,9,2
8.3,7.8,6.1,low,0.31,1,1478,ids,11,3
3.8,7.8,1.1,critical,0.93,0,655,printer,9,2
5.9,5.8,1.8,low,0.45,0,1310,server,6,2
7.9,1.1,1.1,medium,0.5,0,394,printer,2,2
8.6,7.5,7.7,high,0.88,0,3,workstation,8,4
9.7,6.3,8.5,critical,0.55,1,1121,workstation,5,4
9.7,2.7,4.2,low,0.65,1,487,firewall,2,3
9.3,6.8,4.3,high,0.14,0,1216,firewall,6,3
8.9,8.1,6.9,critical,0.46,1,1428,workstation,3,4
8.6,7.3,2.2,critical,0.63,1,1444,ids,7,3
8.2,3.8,2.7,high,0.9,1,1959,workstation,1,3
9.4,4.8,5.3,critical,0.11,0,1288,workstation,11,3
2.6,7.9,6.7,high,0.85,1,897,server,8,3
7.4,7.1,1.8,low,0.49,0,596,ids,4,2
7.1,9.2,6.1,high,0.82,1,950,ids,6,4
5.1,4.6,6.8,low,0.6,1,1790,ids,0,3
7.6,4.6,7.1,critical,0.14,1,537,server,2,3
9.1,6.1,4.6,high,0.86,0,1470,server,3,3
8.2,1.9,2.3,low,0.49,0,253,printer,4,2
5.2,9.0,8.2,critical,0.42,1,492,printer,1,3
3.6,9.2,9.1,critical,0.16,1,161,ids,8,3
9.5,6.8,1.5,high,0.23,0,380,ids,8,2
2.1,7.2,7.0,low,0.66,0,1417,firewall,8,2
7.7,2.9,1.4,high,0.63,0,358,firewall,2,2
2.4,6.5,5.4,high,0.14,1,634,printer,3,2
2.5,7.4,8.7,low,0.37,1,1071,server,3,2
7.4,9.1,2.4,medium,0.76,0,1107,server,9,3
5.2,1.1,2.3,medium,0.92,0,955,firewall,8,2
6.1,1.7,4.8,high,0.6,1,1463,firewall,10,2
4.6,9.6,6.9,medium,0.92,1,1258,firewall,1,3
9.0,3.5,9.7,critical,0.79,1,1288,workstation,7,4
5.1,1.6,6.4,high,0.76,0,1090,server,6,2
4.7,8.6,1.1,medium,0.31,0,172,printer,8,2
5.7,8.0,8.5,medium,0.49,0,1098,ids,3,3
2.7,3.3,6.3,critical,0.69,1,1922,firewall,4,2
5.9,4.3,6.4,high,0.89,0,655,server,10,3
3.8,7.9,9.3,low,0.71,0,464,workstation,1,3
2.6,4.6,8.8,low,0.28,0,26,firewall,8,2
9.1,7.2,2.3,low,0.2,0,377,server,8,2
8.1,7.8,1.7,medium,0.63,1,1428,firewall,2,3
8.2,3.4,5.5,medium,0.43,1,1667,printer,0,3
5.7,2.7,8.7,medium,0.45,1,1197,workstation,3,3
2.0,2.3,4.1,critical,0.22,1,1994,server,7,1
3.5,6.5,4.9,medium,0.37,1,99,server,0,2
7.7,8.0,2.2,critical,0.18,1,1804,server,5,3
5.8,3.8,4.1,medium,0.4,0,798,ids,0,2
2.6,1.1,3.9,critical,0.3,0,894,ids,11,1
4.9,4.9,6.3,medium,0.49,1,1553,firewall,6,3
8.2,8.9,1.6,medium,0.73,1,1997,workstation,6,3
8.8,7.9,8.6,high,0.52,1,794,firewall,12,4
6.4,9.2,3.5,high,0.35,1,1974,ids,9,3
8.0,9.9,9.3,critical,0.58,1,1471,ids,7,4
6.6,5.2,5.0,high,0.33,1,765,printer,6,3
2.8,8.7,2.3,low,0.66,1,1336,workstation,0,2
3.9,9.4,6.7,low,0.64,0,613,printer,6,3
8.7,7.0,5.5,high,0.43,0,910,server,2,3
6.8,1.7,8.5,high,0.55,0,1090,workstation,2,2
9.7,7.6,2.6,low,0.71,0,212,workstation,1,3
6.0,8.9,9.7,medium,0.25,0,123,printer,2,3
9.5,7.7,4.3,medium,0.89,1,265,printer,6,4
6.2,2.6,9.8,low,0.93,0,775,workstation,11,3
5.0,8.6,9.5,high,0.97,1,1662,ids,6,4
3.6,7.9,9.1,high,0.59,1,1051,ids,0,3
3.3,9.0,7.5,low,0.62,1,1172,server,1,3
2.1,3.2,1.4,critical,0.61,1,626,ids,11,1
6.6,2.9,2.2,low,0.3,1,1367,ids,9,2
7.2,3.8,5.0,high,0.97,1,1290,workstation,5,3
7.2,2.9,1.1,low,0.95,0,1632,server,5,2
6.3,2.7,9.5,medium,0.8,0,1394,firewall,8,3
9.0,5.3,8.4,low,0.69,0,717,ids,12,3
3.4,3.5,1.9,low,0.79,1,339,printer,9,2
6.5,2.6,2.3,medium,0.4,0,1386,workstation,1,2
9.2,7.0,2.1,high,0.76,0,1995,firewall,0,3
7.8,7.9,7.2,medium,0.37,1,268,server,8,3
7.6,2.0,2.4,medium,0.84,0,197,workstation,1,2
5.8,3.6,4.6,critical,0.22,0,1041,workstation,4,2
6.3,2.0,3.2,low,1.0,1,1808,ids,9,3
4.4,6.2,3.0,critical,1.0,0,1819,printer,11,2
6.8,3.7,5.3,low,0.24,0,188,printer,6,2
9.9,9.9,9.4,medium,0.26,1,1373,workstation,8,4
2.3,9.3,6.5,critical,0.66,1,491,workstation,11,3
4.2,3.5,7.7,critical,0.34,0,998,firewall,11,2
3.6,4.1,2.2,low,0.99,0,1893,ids,8,2
3.7,7.2,4.3,high,0.13,0,1029,printer,6,2
8.4,8.2,8.7,high,0.47,0,1151,workstation,1,3
7.5,6.7,7.5,low,0.73,1,1195,ids,6,4
5.6,8.1,9.8,high,0.67,0,491,printer,2,3
7.2,8.3,5.1,high,0.21,1,972,workstation,1,3
8.2,4.7,1.5,medium,0.94,0,252,workstation,7,3
7.3,2.3,7.4,low,0.14,1,156,workstation,10,3
8.1,6.5,2.6,high,0.25,1,1203,firewall,5,3
9.9,9.8,6.2,medium,0.82,1,502,server,2,4
2.7,4.7,9.5,critical,0.53,0,1710,printer,2,2
9.4,4.7,1.7,high,0.38,0,1853,firewall,2,2
5.5,9.7,4.7,low,0.19,1,711,server,7,3
7.7,8.6,9.3,high,0.73,0,1556,printer,10,4
5.6,2.8,3.8,low,0.7,1,470,ids,6,2
7.9,7.4,7.6,high,0.45,0,1989,ids,12,3
9.4,9.0,6.8,low,0.58,1,748,server,6,4
8.1,4.7,5.0,low,0.26,1,1076,workstation,3,3
5.1,3.9,6.2,high,0.84,0,1977,workstation,12,2
5.8,3.2,2.4,critical,0.61,0,786,ids,12,2
2.4,7.5,1.3,medium,0.73,1,1553,firewall,0,2
5.7,3.5,8.0,low,0.12,1,1769,printer,10,2
2.2,9.9,9.4,critical,0.55,1,856,printer,10,3
2.6,6.0,8.6,medium,0.2,0,1111,ids,6,2
7.0,5.3,4.5,medium,0.88,1,674,workstation,8,3
7.0,3.2,2.3,high,0.91,1,1906,firewall,2,3
3.2,4.3,9.8,critical,0.9,0,1786,workstation,7,2
6.6,4.3,4.0,high,0.3,1,695,workstation,5,2
6.4,6.3,6.3,high,0.89,1,971,printer,10,3
8.5,4.3,7.3,medium,0.65,0,1895,workstation,4,3
7.7,6.9,8.7,high,0.31,0,886,printer,5,3
5.4,2.5,3.5,medium,0.8,0,1537,firewall,6,2
4.8,5.5,6.7,low,0.17,0,1257,ids,3,2
6.8,3.5,5.4,medium,0.75,1,1590,firewall,1,3
3.1,3.7,5.4,high,0.38,0,18,ids,0,1
2.3,6.1,7.0,high,0.22,1,36,printer,2,2
2.3,6.0,9.7,low,0.14,1,403,server,4,2
4.0,7.7,5.8,critical,0.91,1,932,printer,5,3
6.4,5.9,4.8,high,0.27,0,1588,server,2,2
2.8,2.1,5.1,low,0.52,0,718,printer,11,1
9.1,2.6,7.9,low,0.52,1,301,printer,6,3
6.2,7.1,7.8,low,0.67,1,260,firewall,7,3
2.2,5.8,8.8,high,0.74,0,397,workstation,1,2
8.3,7.0,5.8,critical,0.37,0,137,printer,1,3
4.5,3.9,5.1,critical,0.92,1,37,firewall,6,3
5.6,5.2,7.1,critical,0.18,1,220,workstation,11,3
2.3,9.2,3.9,medium,0.42,1,657,ids,3,2
3.0,5.5,7.2,low,0.14,1,1879,printer,8,2
5.3,5.1,1.9,low,0.28,0,1516,server,5,2
9.5,4.0,6.4,medium,0.29,0,380,printer,5,3
8.2,9.9,4.8,high,0.33,1,1173,workstation,5,3
2.5,9.0,9.4,high,0.69,1,1371,firewall,8,3
4.6,9.0,4.0,high,0.59,0,295,workstation,6,2
9.4,8.5,5.5,high,0.45,0,206,workstation,7,3
4.1,3.3,1.4,critical,0.93,1,1475,workstation,10,2
5.5,9.6,1.4,critical,0.93,0,1417,firewall,1,3
9.3,2.9,4.9,high,0.98,1,34,workstation,5,4
5.6,2.3,9.7,medium,0.95,0,935,printer,11,3
7.4,6.4,9.8,medium,0.83,0,367,printer,11,3
8.0,2.8,3.6,critical,0.57,0,1188,ids,9,2
6.6,2.6,9.8,high,0.19,0,341,workstation,1,2
2.5,9.4,5.6,medium,0.57,1,1009,printer,5,3
5.3,1.1,8.4,low,0.84,1,248,server,1,3
6.6,9.3,2.2,low,0.12,1,734,workstation,8,3
9.3,6.3,9.5,critical,0.42,0,1999,server,10,3
4.3,9.9,8.5,medium,0.18,0,992,printer,5,2
7.2,4.4,1.5,medium,0.79,1,1043,firewall,4,3
5.4,9.8,9.2,medium,0.86,1,739,server,0,4
6.1,5.4,1.9,low,0.84,0,125,firewall,4,2
5.5,5.5,4.2,low,0.76,0,811,printer,8,2
7.7,5.1,3.3,low,0.67,0,1647,workstation,7,3
5.5,2.1,4.8,high,0.92,1,964,printer,10,3
4.3,5.8,3.7,low,0.88,0,211,server,10,2
8.6,6.7,4.7,high,0.29,0,1998,workstation,0,3
8.8,5.9,1.8,medium,0.49,0,1005,printer,6,3
3.9,1.9,2.5,low,0.18,1,379,workstation,3,1
7.7,9.3,1.2,high,0.63,1,1986,firewall,2,3
3.6,5.7,5.5,high,0.57,1,339,workstation,7,2
4.6,3.4,7.2,critical,0.57,0,540,firewall,8,2
3.1,9.8,2.0,critical,0.82,0,603,workstation,8,2
3.2,2.1,4.9,critical,0.69,0,329,firewall,0,2
2.3,10.0,7.9,medium,0.44,0,374,firewall,7,2
4.6,7.5,4.9,high,0.27,1,1125,workstation,9,2
9.8,9.0,1.2,critical,0.27,0,624,firewall,6,3
3.4,5.4,8.7,medium,0.68,0,142,ids,6,2
10.0,7.4,5.5,high,0.87,1,225,printer,8,4
5.7,2.3,5.6,medium,0.79,1,661,printer,2,3
2.5,4.7,8.8,medium,0.73,0,1323,workstation,3,2
7.7,8.7,5.2,critical,0.83,1,122,workstation,0,4
9.8,9.4,2.1,critical,0.94,1,288,server,6,4
2.5,2.7,7.4,low,0.75,1,1207,server,0,2
2.5,1.0,8.3,high,0.12,1,85,ids,3,2
8.9,3.4,3.3,medium,0.97,0,186,printer,6,3
8.1,3.4,9.9,critical,0.96,1,1192,workstation,10,4
4.8,9.6,6.6,critical,0.58,1,1891,workstation,0,3
8.9,9.4,3.6,low,0.42,1,1473,workstation,3,4
4.1,1.5,7.5,critical,0.33,0,225,ids,0,2
6.8,2.2,3.0,high,0.15,0,1680,firewall,1,2
3.3,6.4,8.5,critical,0.48,1,1751,workstation,11,3
8.4,3.3,4.2,high,0.21,1,1050,printer,5,3
5.8,6.7,6.2,high,0.75,1,1593,server,6,3
7.6,8.2,4.4,low,0.83,0,1456,printer,11,3
8.9,5.4,7.3,critical,0.93,0,543,workstation,0,3
9.1,6.8,8.9,medium,0.75,1,7,server,11,4
10.0,8.3,7.1,low,0.21,0,1855,workstation,3,3
4.8,3.7,8.6,medium,0.61,1,849,server,6,3
5.2,2.7,3.1,low,0.66,0,762,ids,2,2
2.0,3.2,2.1,medium,0.28,1,1534,server,9,1
2.4,4.6,9.9,medium,0.1,1,1905,workstation,11,2
3.9,7.5,7.7,high,0.62,0,1543,server,0,2
5.3,5.1,7.5,critical,0.52,0,408,printer,7,2
6.3,9.1,7.0,high,0.82,0,706,workstation,3,3
8.4,9.7,4.9,low,0.43,0,1054,firewall,12,3
5.3,9.2,2.4,critical,0.68,1,2,firewall,5,3
7.1,9.6,3.8,critical,0.95,1,980,workstation,4,4
9.5,5.2,9.2,critical,0.87,1,303,firewall,11,4
9.6,9.4,4.2,critical,0.68,0,1171,server,2,3
4.3,7.0,7.7,critical,0.23,0,875,ids,4,2
3.2,3.2,6.0,low,0.87,0,163,ids,1,2
5.9,7.2,1.5,medium,0.88,1,9,workstation,11,3
4.1,9.6,9.7,critical,0.59,1,1250,server,3,3
3.3,6.1,4.7,low,0.76,1,1323,workstation,8,3
6.2,9.8,7.9,high,0.76,1,1478,firewall,10,4
3.7,7.0,7.2,high,0.34,1,1715,workstation,12,3
6.0,5.0,8.9,low,0.92,0,1717,firewall,12,3
7.6,5.0,5.1,critical,0.28,1,1773,printer,7,3
3.4,2.0,8.4,high,0.44,0,1446,printer,1,2
4.1,5.1,8.5,medium,0.24,1,149,workstation,6,2
8.2,4.8,7.9,low,0.97,1,1027,firewall,4,4
4.1,9.8,2.7,low,0.98,0,1293,printer,6,3
3.0,6.4,2.9,low,0.32,0,584,firewall,9,1
9.9,9.4,7.4,high,0.69,1,1816,ids,8,4
4.7,2.7,5.7,medium,0.94,0,1905,printer,11,2
2.4,8.9,8.0,critical,0.18,0,1895,workstation,10,2
8.8,5.5,3.2,critical,0.85,0,648,printer,10,3
9.8,5.3,2.9,critical,0.94,1,974,printer,8,4
8.2,1.2,7.4,medium,0.79,1,900,ids,10,3
6.5,1.5,5.6,high,0.11,0,1525,server,7,2
2.2,4.1,7.9,medium,0.47,0,366,server,1,2
3.3,6.6,4.9,medium,0.22,0,220,workstation,10,2
5.2,6.6,6.5,high,0.25,1,1103,workstation,5,3
7.1,9.7,1.0,critical,0.69,1,1607,workstation,12,3
8.3,7.7,7.8,low,0.42,0,1724,printer,8,3
8.5,1.7,9.8,medium,0.85,1,833,workstation,7,4
4.5,4.0,3.9,critical,0.53,0,1484,workstation,3,2
8.0,6.3,6.7,critical,0.12,0,498,ids,6,3
6.9,9.2,4.7,low,0.32,1,1016,firewall,12,3
7.2,6.0,9.6,high,0.79,1,409,printer,7,4
5.0,9.9,5.8,medium,0.73,1,885,server,4,3
3.0,8.6,9.0,medium,0.16,0,129,workstation,10,2
7.6,4.5,4.6,high,0.42,1,205,printer,6,3
5.3,5.4,8.3,medium,0.63,0,1604,printer,10,3
3.3,2.5,6.6,medium,0.31,0,358,ids,3,1
4.0,5.0,2.5,medium,0.6,0,540,firewall,10,2
8.2,6.2,6.8,low,0.33,1,1056,server,6,3
4.5,5.8,5.4,high,0.5,1,456,ids,12,3
4.4,8.5,2.4,critical,0.37,0,1001,server,1,2
8.1,1.9,4.8,high,0.69,1,304,server,7,3
3.3,9.8,4.6,low,0.9,1,1869,workstation,1,3
9.5,7.4,8.3,medium,0.33,0,1843,firewall,8,3
9.5,3.0,4.5,low,0.34,1,1593,ids,12,3
5.5,5.5,3.1,low,0.62,0,946,workstation,6,2
3.1,6.1,9.5,critical,0.24,0,771,printer,9,2
6.9,9.1,3.1,critical,0.82,1,213,firewall,3,3
5.0,6.2,8.5,medium,0.26,0,890,workstation,6,2
9.9,6.7,8.2,medium,0.22,1,581,firewall,6,4
8.9,1.8,9.1,high,0.32,1,414,firewall,6,3
2.9,4.1,1.9,medium,0.23,0,393,server,7,1
3.3,4.0,5.1,high,0.46,1,1172,server,12,2
5.7,1.1,5.7,medium,0.5,1,878,ids,11,2
6.9,6.7,2.2,medium,0.41,1,1667,workstation,3,3
7.1,3.6,8.2,critical,0.19,0,618,firewall,3,2
8.0,8.0,1.9,critical,0.27,0,600,firewall,5,2
8.7,5.9,6.5,high,0.57,0,337,server,3,3
5.5,1.7,3.1,critical,0.42,1,506,printer,0,2
3.9,8.9,6.4,medium,0.63,0,389,ids,8,2
7.8,8.3,2.7,low,0.51,0,201,firewall,1,3
8.0,1.0,8.7,high,0.59,0,732,server,0,3
3.0,9.8,2.4,low,0.18,1,283,printer,2,2
6.8,6.0,8.2,high,0.11,1,385,printer,6,3
7.6,7.1,4.4,critical,0.91,0,1999,printer,10,3
9.0,8.0,5.5,high,0.48,0,1403,workstation,12,3
8.6,6.6,9.7,medium,0.68,1,1593,server,4,4
5.5,3.2,2.1,high,0.86,0,904,server,4,2
8.1,3.0,4.8,medium,0.86,0,594,workstation,10,3
8.4,2.0,9.6,critical,0.84,0,51,server,11,3
7.5,8.8,4.3,high,0.28,1,824,firewall,2,3
4.2,2.6,7.5,medium,0.5,0,1079,ids,8,2
8.8,4.8,4.9,high,0.16,1,319,ids,9,3
4.3,2.7,6.3,high,0.18,1,891,firewall,6,2
9.9,3.8,5.2,high,0.63,0,1302,ids,3,3
7.1,6.5,5.5,high,0.7,0,1774,server,11,3
2.2,6.5,7.1,critical,0.97,1,1340,printer,5,3
3.0,1.1,9.1,high,0.26,0,373,server,0,1
2.3,4.3,9.0,high,0.26,0,421,workstation,0,2
4.2,8.9,8.7,low,0.16,0,1579,server,2,2
2.9,7.6,5.3,low,0.57,0,1038,ids,12,2
4.3,4.8,4.7,critical,0.57,1,1953,printer,8,2
8.0,5.2,2.7,high,0.85,1,1715,workstation,9,3
9.8,7.8,6.4,high,0.13,1,760,server,2,4
8.3,1.4,4.3,high,0.98,1,1604,server,12,3
5.0,9.5,4.1,medium,0.84,1,1053,server,9,3
8.9,5.1,4.2,low,0.87,1,213,ids,1,4
3.0,6.9,6.3,medium,0.72,0,494,printer,3,2
8.9,4.2,4.2,high,0.29,0,280,server,8,2
8.3,3.7,8.8,critical,0.73,1,164,ids,0,4
9.8,8.6,3.2,low,0.67,1,767,workstation,12,4
6.7,8.8,9.3,low,0.18,0,361,printer,3,3
7.4,2.4,5.3,medium,0.17,1,13,firewall,2,2
8.3,3.6,6.7,low,0.84,1,1531,server,0,4
2.8,1.9,5.4,high,0.18,1,757,workstation,11,1
9.5,1.1,2.1,low,0.34,1,1160,printer,11,3
3.9,6.6,6.2,critical,0.2,1,1448,printer,10,2
5.8,9.8,3.2,critical,0.93,1,545,printer,8,3
7.8,8.1,3.3,medium,0.8,0,878,firewall,10,3
7.2,5.9,3.7,critical,0.82,1,463,ids,9,3
8.0,6.5,3.6,critical,0.69,1,1195,firewall,8,3
4.8,4.5,1.5,low,0.24,0,137,ids,6,1
7.5,5.9,3.6,medium,0.22,0,229,server,6,2
2.2,5.7,3.5,high,0.58,1,1122,printer,6,2
7.5,2.6,9.2,high,0.8,1,260,firewall,4,3
9.7,7.9,3.6,critical,0.34,0,16,firewall,10,3
9.2,5.5,8.0,high,0.32,1,4,workstation,12,4
2.3,3.2,9.4,critical,0.51,1,80,server,8,2
8.8,4.4,9.0,low,0.69,0,63,server,6,3
8.8,8.2,9.5,medium,0.63,0,1097,workstation,6,4
4.0,6.6,7.8,medium,0.2,1,1183,server,9,2
5.7,1.4,5.0,medium,0.64,0,1467,firewall,0,2
6.4,7.1,8.5,critical,0.79,0,905,server,5,3
2.2,1.6,8.0,medium,0.63,1,1794,firewall,8,2
4.4,1.5,6.2,low,0.27,0,1213,ids,4,1
3.4,7.9,4.7,low,0.15,1,1075,workstation,2,2
4.6,4.7,1.0,medium,0.22,0,1912,server,9,1
9.0,7.9,6.7,medium,0.46,0,882,workstation,11,3
7.0,7.2,2.0,medium,0.29,0,1654,printer,11,2
7.7,7.8,7.9,low,0.28,0,306,firewall,7,3
3.2,4.2,9.1,critical,0.38,1,1317,ids,3,2
6.2,3.6,8.6,high,0.14,1,1257,server,9,3
5.9,8.0,6.3,low,0.49,0,1540,firewall,5,3
3.9,2.7,5.4,critical,0.83,1,189,firewall,1,2
3.5,8.2,9.8,critical,0.83,1,246,server,12,3
2.3,6.2,3.9,medium,0.27,1,1964,firewall,2,2
9.0,8.4,7.5,critical,0.25,1,1440,server,1,4
4.2,5.9,6.7,critical,0.82,1,1984,ids,10,3
9.7,4.5,5.7,critical,0.67,1,951,firewall,9,4
9.2,3.1,8.0,medium,0.98,1,151,workstation,6,4
3.2,5.7,6.3,low,0.89,0,1913,firewall,3,2
2.9,4.5,6.3,medium,0.64,1,996,firewall,1,2
2.8,8.9,2.0,low,0.34,0,889,printer,10,1
3.3,7.6,6.2,low,0.39,0,251,server,7,2
4.3,5.5,5.2,low,0.64,0,1047,workstation,4,2
2.5,5.6,3.3,critical,0.35,1,1599,workstation,5,2
8.2,5.9,9.7,critical,0.53,0,1158,server,5,3
3.6,4.8,6.6,critical,0.5,1,461,ids,9,2
6.7,5.2,4.4,critical,0.86,0,75,server,10,3
7.4,2.0,5.9,critical,0.45,1,1538,firewall,10,3
3.7,6.9,2.8,medium,0.36,1,1371,ids,5,2
2.1,2.8,1.1,medium,0.55,0,559,server,2,1
4.6,5.7,5.7,high,0.16,0,244,server,10,2
4.4,8.9,8.2,high,0.79,0,1148,workstation,7,3
3.4,4.8,5.4,high,0.93,1,1870,ids,5,3
6.8,9.1,8.1,high,0.45,1,1992,server,4,4
7.5,8.1,8.8,high,0.25,1,1058,server,6,3
8.8,7.0,5.0,medium,0.9,0,1594,workstation,8,3
5.1,3.4,1.0,medium,0.45,0,1261,ids,10,1
9.2,9.1,2.0,high,0.52,0,943,workstation,6,3
8.1,1.8,5.7,medium,0.69,0,1347,printer,2,3
3.2,2.4,5.0,medium,0.37,0,410,printer,1,1
9.6,6.1,9.5,low,0.23,1,360,ids,2,4
5.1,3.9,2.1,high,0.25,0,90,firewall,1,1
6.2,9.1,3.0,medium,0.34,0,741,ids,0,2
9.5,4.4,8.4,high,0.75,0,512,server,6,3
9.0,1.7,7.6,critical,0.71,0,1941,ids,6,3
7.2,3.1,3.2,critical,0.15,1,469,workstation,4,2
6.0,6.9,8.4,low,0.97,1,1144,server,5,4
2.4,7.7,1.9,low,0.81,0,335,firewall,4,2
9.3,7.6,4.1,high,0.31,0,800,ids,5,3
5.0,9.5,9.9,medium,0.51,0,97,workstation,4,3
8.4,1.8,8.2,critical,0.22,1,1166,server,8,3
5.6,9.5,9.0,high,0.31,0,1789,server,6,3
3.2,4.5,1.8,low,0.28,0,390,server,8,1
7.6,4.6,9.1,low,0.79,1,607,ids,11,4
9.7,7.3,1.9,low,0.23,1,535,ids,1,3
9.2,7.9,5.2,medium,0.3,0,540,firewall,9,3
5.3,8.4,6.0,high,0.6,1,1340,printer,5,3
4.4,7.2,1.4,low,0.16,0,1967,printer,9,1
8.6,6.5,5.3,high,0.94,0,636,firewall,9,3
2.0,9.0,3.9,low,0.51,1,1558,workstation,10,2
3.4,1.2,3.4,high,0.28,1,1276,ids,8,1
9.5,2.3,7.0,low,0.16,0,706,ids,4,2
3.3,5.3,4.6,high,0.44,1,780,server,1,2
2.8,5.6,6.6,low,0.63,0,204,ids,1,2
3.8,9.3,4.6,critical,0.93,0,1017,printer,7,3
5.0,7.5,1.0,medium,0.22,0,192,ids,8,2
8.8,8.5,8.4,critical,0.44,1,452,ids,3,4
7.8,1.4,6.6,low,0.96,0,1464,server,2,3
2.0,8.5,7.8,critical,0.22,0,562,ids,9,2
2.5,8.8,4.3,high,0.83,0,990,server,12,2
6.4,1.1,3.6,low,0.39,0,1253,firewall,2,2
7.0,8.2,4.2,high,0.44,0,1048,printer,6,3
8.0,6.5,8.8,critical,0.41,1,571,ids,5,4
6.2,3.3,3.2,low,0.82,1,1097,ids,12,3
9.0,5.3,4.8,medium,0.84,0,1044,ids,8,3
6.4,5.7,5.0,high,0.87,1,1585,ids,12,3
4.2,4.7,4.4,high,0.42,0,1008,firewall,7,2
8.9,1.8,9.9,medium,0.24,1,1928,ids,7,3
3.0,6.6,5.5,high,0.38,1,1958,firewall,10,2
5.4,6.5,7.3,critical,0.27,0,325,workstation,7,2
6.1,5.1,3.9,low,0.7,0,1725,ids,11,2
7.1,8.1,4.6,critical,0.27,1,810,ids,12,3
8.8,8.8,4.6,low,0.76,0,698,server,6,3
2.7,9.7,4.1,high,0.41,1,304,workstation,3,2
8.8,2.0,5.4,medium,0.12,0,446,ids,2,2
6.6,2.9,5.1,critical,0.77,0,1041,printer,6,2
3.2,8.3,7.1,critical,0.63,0,1349,workstation,8,2
4.2,5.1,6.5,critical,0.99,1,1323,printer,10,3
2.8,3.8,1.9,critical,0.38,1,1462,printer,10,2
9.8,3.8,1.6,medium,0.83,1,1309,server,3,3
3.8,5.7,1.7,high,0.67,1,598,firewall,1,2
6.8,5.5,8.1,medium,0.46,1,650,workstation,3,3
6.1,3.0,9.6,low,0.69,0,367,firewall,8,3
5.4,5.6,9.7,critical,0.53,1,794,firewall,4,3
4.5,6.5,7.9,high,0.67,0,195,printer,6,3
5.5,6.7,4.5,critical,0.39,0,106,printer,1,2
5.2,4.8,2.3,critical,0.91,0,1618,workstation,9,2
9.6,2.3,4.5,critical,0.64,1,1942,ids,6,3
8.1,1.7,2.1,high,0.84,1,924,workstation,7,3
9.1,9.3,5.5,low,0.41,0,1001,printer,5,3
9.9,8.3,2.7,high,0.97,0,1932,workstation,5,4
2.8,3.8,9.4,critical,0.43,1,1478,server,0,2
8.4,4.9,8.8,medium,0.85,1,825,printer,9,4
2.1,5.8,9.8,high,0.83,1,1106,firewall,10,3
5.7,4.0,9.8,high,0.73,0,910,server,4,3
7.4,9.2,8.7,medium,0.61,1,829,workstation,0,4
2.2,1.9,7.6,medium,0.37,0,1446,server,3,1
9.4,2.7,5.9,critical,0.9,1,1020,firewall,12,4
7.1,3.6,2.6,medium,0.51,0,1496,printer,5,2
6.0,9.5,3.2,low,0.42,1,672,workstation,6,3
7.6,3.4,6.1,low,0.5,1,70,firewall,0,3
5.4,7.6,2.5,critical,0.44,1,331,ids,3,3
9.8,10.0,2.6,low,0.89,0,1010,firewall,6,4
7.7,7.3,4.2,high,0.38,0,490,server,7,3
5.9,8.9,9.2,high,0.28,1,810,workstation,10,3
9.7,9.3,1.2,medium,0.93,1,1864,server,10,4
9.0,7.7,1.7,medium,0.8,0,448,printer,11,3
8.2,7.6,9.8,low,0.61,1,1529,server,12,4
2.7,3.5,2.3,high,0.87,1,1097,ids,3,2
7.7,2.4,2.1,high,0.63,1,1170,printer,9,3
4.4,4.4,6.4,high,0.47,1,1369,workstation,8,2
7.4,3.9,6.9,high,0.62,0,1593,firewall,5,3
6.0,5.3,8.4,medium,0.87,0,1474,server,11,3
4.5,3.0,9.0,low,0.64,1,667,workstation,12,3
6.9,1.3,9.0,critical,0.39,0,118,firewall,9,2
3.3,8.9,8.1,low,0.7,1,1293,ids,3,3
8.5,8.2,2.6,low,0.38,0,93,workstation,1,3
5.7,8.4,4.1,critical,0.6,0,544,server,11,2
2.7,8.4,8.9,high,0.8,1,1375,server,10,3
2.5,3.9,7.7,critical,0.91,0,201,server,11,2
9.1,6.6,7.0,critical,0.33,1,564,workstation,6,4
4.7,5.9,7.1,critical,0.2,1,1628,ids,8,2
4.1,8.0,6.0,high,0.71,0,493,server,7,2
6.3,2.5,7.4,medium,0.44,0,1972,firewall,5,2
7.3,7.7,2.0,low,0.74,1,871,firewall,12,3
9.8,4.0,4.4,low,0.52,0,1240,printer,6,3
7.4,8.7,4.0,critical,0.14,0,354,server,4,2
3.1,2.6,6.5,critical,0.64,0,497,ids,6,2
4.2,1.7,8.8,low,0.87,0,1627,server,12,2
2.9,7.6,3.7,critical,0.45,1,1133,server,11,2
7.8,6.5,4.4,high,0.65,1,1204,firewall,5,3
3.6,1.1,1.1,critical,0.19,1,982,printer,7,1
5.0,9.6,2.7,critical,0.8,1,1722,printer,3,3
6.6,7.5,7.1,critical,0.15,0,607,workstation,1,2
2.7,9.7,3.0,medium,0.38,1,739,firewall,4,2
6.5,8.7,5.2,high,0.89,1,243,workstation,10,4
2.2,8.0,7.7,low,0.63,0,1942,workstation,11,2
7.3,8.5,1.8,medium,0.74,1,614,server,12,3
2.1,4.3,2.1,low,0.49,1,663,workstation,9,2
7.7,3.8,6.6,critical,0.16,0,260,ids,1,2
7.5,9.9,6.6,critical,0.89,0,1601,printer,1,4
5.5,1.0,1.6,low,0.98,1,1135,server,7,2
3.6,8.3,5.5,low,0.31,1,5,ids,10,2
4.0,5.7,6.8,high,0.5,0,1097,server,2,2
2.9,1.8,9.2,low,0.17,0,1666,printer,10,1
9.3,4.0,9.7,medium,0.56,1,102,firewall,5,4
9.6,3.6,2.7,low,0.74,0,1414,workstation,5,3
4.0,4.6,5.5,low,0.79,1,1277,workstation,12,3
8.1,9.7,5.7,low,0.19,1,34,firewall,10,3
5.8,6.0,6.4,critical,0.97,1,1947,ids,3,3
7.4,5.6,1.1,low,0.55,1,1107,ids,4,3
5.3,3.0,4.0,medium,0.13,0,1062,server,7,1
8.4,1.1,5.2,medium,0.86,0,1775,workstation,0,3
5.7,6.1,2.9,low,0.27,0,802,workstation,2,2
5.4,7.7,8.1,high,0.75,0,1896,server,8,3
7.0,9.0,7.2,low,0.61,0,1168,firewall,6,3
8.9,9.8,6.3,critical,0.39,1,1114,ids,5,4
3.2,4.7,3.5,critical,0.6,0,456,firewall,7,2
5.6,2.7,8.5,high,0.17,0,1496,workstation,7,2
2.4,5.7,2.4,low,0.2,1,684,server,6,1
9.8,4.7,9.4,high,0.91,1,353,printer,12,4
3.8,8.9,3.1,critical,0.42,1,390,firewall,4,2
5.8,7.9,4.7,critical,0.44,1,1795,ids,11,3
9.2,4.0,7.1,low,0.44,0,647,printer,3,3
3.6,6.1,7.6,medium,0.91,1,1070,ids,10,3
9.9,7.4,5.1,critical,0.71,1,1619,ids,6,4
9.0,8.8,3.0,medium,0.15,0,1644,server,11,3
2.3,5.7,5.3,high,0.41,1,276,server,6,2
7.9,3.5,3.6,medium,0.51,0,367,ids,7,2
9.3,1.4,6.5,medium,0.65,0,92,printer,11,3
7.5,5.3,3.3,critical,0.36,0,295,workstation,8,2
2.4,5.3,3.3,critical,0.6,0,1208,ids,0,1
9.3,3.1,9.2,medium,0.21,1,707,server,9,3
6.2,9.1,4.5,critical,0.52,1,173,ids,2,3
9.7,8.5,3.2,high,0.43,0,1765,server,4,3
7.1,1.3,6.0,high,0.24,0,1768,server,10,2
2.5,4.1,6.1,high,0.82,0,1931,workstation,11,2
6.9,8.8,1.1,medium,0.83,0,495,ids,5,3
3.6,1.6,4.6,medium,0.11,0,1543,firewall,7,1
3.4,3.5,9.9,high,0.29,1,556,ids,1,2
6.4,2.9,4.1,low,0.27,1,1689,firewall,2,2
8.1,7.5,4.6,critical,0.79,1,1419,server,3,4
5.6,4.0,8.3,critical,0.36,1,1154,server,4,3
9.9,7.2,6.5,low,0.12,0,472,firewall,3,3
8.8,3.0,3.1,critical,0.23,0,998,server,3,2
3.7,8.6,6.4,critical,0.64,0,1334,printer,2,2
7.4,3.5,5.5,medium,0.68,0,26,firewall,8,3
7.8,5.1,1.6,low,0.18,1,1349,server,1,2
8.9,5.5,9.9,low,0.31,1,1061,workstation,0,4
8.1,1.8,4.9,low,0.17,0,136,ids,5,2
2.4,9.1,5.7,critical,0.49,1,570,workstation,4,2
6.8,1.6,3.0,high,0.33,1,1237,ids,2,2
7.3,6.7,4.4,low,0.75,0,1877,workstation,5,3
9.3,3.6,5.3,high,0.38,0,140,firewall,9,3
7.4,5.9,5.6,medium,0.84,1,1803,ids,5,3
3.5,5.6,7.1,critical,0.52,0,140,server,9,2
3.0,2.5,3.1,medium,0.39,1,1000,firewall,8,2
6.2,8.0,6.3,low,0.4,0,1161,server,4,3
7.6,3.0,9.8,medium,0.82,0,72,firewall,0,3
2.2,5.3,8.9,critical,0.85,0,1988,ids,0,2
9.7,3.0,7.8,critical,0.29,1,1213,printer,7,3
6.5,4.3,8.0,medium,0.19,1,727,firewall,11,3
9.8,5.6,5.5,critical,0.56,0,1946,firewall,8,3
8.8,8.5,6.2,high,0.79,0,357,ids,10,4
2.7,7.8,3.0,critical,0.89,0,158,firewall,6,2
8.7,4.2,9.0,low,0.39,1,1743,server,10,3
6.4,8.9,6.1,medium,0.54,1,654,workstation,10,3
6.5,6.6,2.6,critical,0.74,1,1011,firewall,9,3
2.8,3.9,8.5,low,0.54,0,547,printer,10,2
4.8,7.8,3.1,medium,0.83,1,616,ids,10,3
7.8,3.4,2.9,high,0.44,0,550,ids,8,2
8.6,4.4,9.9,low,0.74,1,1373,printer,11,4
9.6,3.6,3.3,critical,0.45,1,1360,ids,6,3
6.9,9.2,4.4,low,0.12,0,450,workstation,9,2
3.2,3.9,6.2,low,0.54,0,1501,firewall,5,2
7.4,2.1,8.8,medium,0.63,0,132,server,12,3
2.4,9.7,2.4,high,0.56,1,712,firewall,5,2
3.2,5.0,1.6,medium,0.59,0,529,firewall,12,1
4.3,7.5,4.0,low,0.46,1,1228,server,5,2
2.7,6.7,3.4,high,0.42,0,200,ids,4,1
8.9,9.5,6.7,medium,0.95,1,1290,firewall,12,4
7.5,6.0,9.8,medium,0.93,0,592,workstation,11,4
8.1,6.3,4.2,critical,0.36,1,1575,ids,3,3
5.7,5.1,5.8,critical,0.53,1,596,workstation,5,3
5.0,6.6,3.8,low,0.59,1,751,server,4,3
9.0,2.1,6.4,medium,0.19,1,1692,ids,7,3
8.6,6.7,8.7,critical,0.38,1,599,firewall,10,4
3.8,9.9,2.7,critical,0.4,0,551,server,4,2
5.7,7.2,3.2,low,0.81,0,867,server,1,2
5.7,2.4,4.6,medium,0.79,0,329,workstation,5,2
6.0,8.8,8.1,medium,0.13,1,1846,ids,8,3
7.5,8.1,5.5,medium,0.58,1,682,workstation,1,3
6.2,1.8,4.2,medium,0.74,1,654,workstation,2,3
5.5,8.6,9.7,critical,0.46,1,835,server,12,3
6.1,5.2,6.0,medium,0.4,1,279,workstation,5,3
4.0,1.5,4.1,critical,0.98,0,1235,printer,12,2
4.1,4.6,9.3,medium,0.86,0,299,firewall,2,3
2.2,4.7,6.0,high,0.77,0,1397,ids,0,2
9.2,7.1,3.2,high,0.73,0,1368,printer,11,3
8.8,5.2,4.3,medium,0.93,1,747,firewall,8,4
2.8,5.2,2.4,high,0.65,1,1439,firewall,8,2
2.7,9.2,2.6,medium,0.51,0,207,firewall,1,2
4.4,8.9,5.6,high,0.3,1,1499,ids,0,3
6.4,1.2,7.0,high,0.55,0,1551,printer,0,2
8.8,2.2,9.8,medium,0.36,0,1142,server,6,3
2.7,8.4,3.8,medium,0.93,0,406,ids,6,2
9.2,5.9,8.5,critical,0.67,1,260,server,10,4
6.8,5.3,2.8,critical,0.57,0,655,firewall,7,2
4.6,3.1,6.5,low,0.84,0,1201,printer,8,2
9.6,2.2,5.2,low,0.92,1,1812,server,9,4
6.7,1.1,2.9,low,0.78,0,1111,printer,4,2
9.6,3.2,5.2,low,0.81,1,476,workstation,5,4
2.3,6.2,7.8,critical,0.39,1,1767,printer,3,2
8.7,2.6,9.8,medium,0.13,0,1020,server,5,3
7.2,6.5,9.1,medium,0.4,0,277,ids,2,3
8.2,9.2,5.0,medium,0.66,1,1975,firewall,4,4
4.0,9.6,3.9,critical,0.6,1,1482,firewall,1,3
2.9,8.3,6.5,medium,0.76,0,197,firewall,1,2
4.9,6.8,5.0,high,0.6,0,1690,firewall,7,2
3.8,7.4,1.7,high,0.98,0,1175,server,7,2
2.8,3.8,3.1,medium,0.85,0,1146,workstation,9,2
8.3,9.7,9.6,low,0.45,1,318,server,7,4
6.0,5.6,5.4,high,0.94,1,471,server,8,3
5.7,1.4,5.7,medium,0.28,0,1392,firewall,12,2
3.5,3.4,6.4,low,0.89,0,1528,firewall,8,2
6.0,6.9,1.7,high,0.57,1,1293,workstation,3,3
6.9,1.6,9.8,high,0.5,0,812,workstation,5,3
5.6,7.9,6.5,low,0.19,0,915,printer,8,2
3.9,3.5,6.3,critical,0.39,0,4,printer,3,2
9.2,2.6,3.5,medium,0.43,0,95,workstation,8,2
5.1,8.6,6.7,low,0.63,1,1092,printer,0,3
8.2,8.7,3.0,low,0.52,0,1145,ids,6,3
5.5,5.9,8.0,critical,1.0,0,655,server,5,3
5.2,4.7,7.7,high,0.9,1,1723,server,10,3
3.9,9.7,6.3,medium,0.4,0,1104,workstation,10,2
6.8,1.7,6.7,low,0.44,0,1960,server,6,2
4.8,3.0,4.3,medium,0.67,1,626,server,2,2
3.8,3.2,8.6,medium,0.86,0,1959,printer,2,2
7.8,5.5,5.2,low,0.86,0,968,firewall,7,3
9.7,8.3,3.4,high,0.98,0,398,ids,5,4
7.3,4.1,1.1,medium,0.26,0,176,workstation,4,2
2.2,1.4,6.3,low,0.37,1,777,firewall,2,2
7.7,9.0,8.6,low,0.44,1,323,workstation,3,4
9.9,8.5,9.9,medium,0.65,1,1850,firewall,10,4
7.5,4.7,8.3,high,0.54,0,156,printer,2,3
5.4,6.2,9.7,critical,0.79,1,1729,printer,1,3
9.9,2.8,7.6,low,0.4,1,505,server,8,3
6.4,5.3,8.6,low,0.31,0,28,printer,6,2
2.4,8.3,7.5,low,0.49,1,654,workstation,6,3
8.0,4.6,6.2,high,0.7,0,1684,workstation,7,3
3.8,2.2,5.6,critical,0.87,1,1312,ids,1,2
3.4,5.3,1.5,low,0.65,0,481,firewall,4,2
4.3,9.0,3.0,low,0.28,0,883,ids,3,2
4.1,1.4,5.1,low,0.9,1,1943,workstation,7,2
8.8,2.2,7.5,low,0.66,1,761,server,11,3
7.4,5.7,6.2,critical,0.7,0,818,firewall,7,3
6.2,8.0,5.8,medium,0.34,1,587,server,0,3
2.6,1.6,5.7,low,0.68,1,1266,server,6,2
9.5,6.7,3.8,medium,0.93,0,858,printer,2,3
4.9,7.2,4.1,critical,0.62,1,65,firewall,2,3
5.3,6.5,1.7,medium,0.7,1,1034,server,10,3
2.3,8.3,4.7,high,0.3,0,1711,workstation,2,2
9.0,7.7,7.9,critical,0.39,1,876,printer,8,4
3.0,1.5,1.1,medium,0.27,0,614,ids,11,1
7.4,9.8,9.2,critical,0.85,1,90,ids,5,4
3.6,8.8,5.4,critical,0.42,1,811,ids,11,3
4.0,4.9,7.8,medium,0.38,1,490,printer,12,2
5.3,5.3,2.1,high,0.72,1,1783,firewall,6,3
7.6,1.5,8.7,critical,0.26,0,798,ids,1,2
4.8,8.1,1.8,critical,0.7,0,656,server,5,2
9.3,2.4,2.5,medium,0.58,0,1948,firewall,10,2
4.0,5.7,4.9,high,0.14,0,1412,printer,5,2
6.2,2.0,9.7,medium,0.2,0,1091,printer,5,2
7.1,9.4,3.4,critical,0.69,0,1809,server,8,3
6.9,9.7,7.5,high,0.35,1,1678,server,8,3
9.8,7.3,2.7,critical,0.95,0,1408,server,8,3
2.6,6.9,9.4,medium,0.32,1,96,ids,4,2
9.1,1.4,8.2,critical,0.75,0,937,firewall,7,3
2.7,1.9,7.8,low,0.83,1,65,firewall,10,2
7.7,8.9,8.1,medium,0.94,0,1891,workstation,11,4
3.7,5.8,6.6,low,0.12,0,1703,workstation,4,2
6.0,7.0,5.8,high,0.16,1,87,printer,9,3
7.1,8.1,6.4,medium,0.82,1,11,ids,0,4
6.4,2.7,2.8,critical,0.39,1,247,server,9,2
4.8,3.0,2.6,high,0.39,0,283,workstation,11,1
8.7,7.8,2.7,critical,0.96,0,1332,workstation,10,3
7.7,9.1,5.0,critical,0.29,0,348,printer,12,3
4.2,3.5,8.3,critical,0.13,0,338,ids,5,2
8.3,7.0,1.8,medium,0.36,1,176,printer,6,3
6.1,6.0,5.2,critical,0.15,1,658,workstation,0,2
8.5,6.8,3.3,critical,0.9,1,600,printer,0,4
5.6,5.8,9.7,critical,0.18,0,384,server,6,2
8.2,2.4,8.9,low,0.2,0,791,printer,12,2
2.8,2.1,4.2,high,0.89,1,1816,workstation,8,2
5.3,9.1,2.2,low,0.79,0,492,firewall,1,2
6.4,9.2,7.9,low,0.12,1,1195,server,6,3
8.1,8.1,2.9,low,0.59,0,1575,ids,11,3
3.8,1.7,6.0,high,0.64,0,1617,ids,4,2
7.2,9.5,7.4,critical,0.47,0,1972,ids,3,3
2.6,6.8,1.4,low,0.34,1,50,server,1,2
9.6,4.1,1.4,high,0.24,1,804,ids,6,3
8.6,1.9,2.6,critical,0.94,1,491,workstation,1,3
2.0,1.0,4.6,medium,0.47,0,595,printer,3,1
7.0,3.6,6.4,high,0.61,1,264,ids,0,3
6.9,2.6,7.0,low,0.66,1,284,workstation,10,3
9.1,1.3,2.9,high,0.98,0,252,server,12,3
5.0,1.6,6.0,critical,0.85,1,871,server,5,3
7.3,4.1,2.0,critical,0.52,1,1741,workstation,10,3
8.8,7.7,6.9,low,0.16,0,922,firewall,9,3
5.2,6.8,3.2,low,0.52,0,1667,printer,4,2
6.7,7.6,7.2,medium,0.12,1,55,workstation,2,3
9.2,3.3,3.6,medium,0.33,0,1698,printer,12,2
3.9,6.8,1.7,high,0.24,0,304,server,11,1
6.2,8.3,3.2,high,0.62,0,964,ids,12,3
5.8,2.3,8.7,low,0.85,0,1232,server,0,3
5.2,7.4,7.9,critical,0.79,1,1870,workstation,8,3
3.4,5.1,1.8,critical,0.17,0,1378,firewall,1,1
4.0,8.3,8.2,medium,0.45,1,1916,workstation,10,3
5.9,7.3,6.7,critical,0.26,1,1336,printer,1,3
2.5,3.5,4.1,medium,0.5,0,1898,ids,6,1
3.3,8.8,6.6,critical,0.25,1,437,firewall,10,2
4.7,8.5,2.0,high,0.62,0,307,printer,6,2
3.4,1.2,3.0,critical,0.66,0,297,server,10,1
2.0,8.7,4.0,critical,0.4,1,85,workstation,9,2
3.9,4.4,3.6,high,0.2,1,1647,server,3,2
8.5,7.0,6.5,low,0.2,0,1003,workstation,10,3
2.4,2.0,9.1,high,0.49,0,1875,server,6,2
3.8,8.0,6.0,medium,0.62,0,1738,firewall,7,2
2.4,5.9,4.0,critical,0.78,0,89,server,11,2
2.4,7.9,9.7,high,0.92,0,1584,printer,12,3
3.3,4.7,8.8,critical,0.7,0,1377,server,4,2
4.8,2.4,2.3,medium,0.62,0,1190,server,4,2
6.9,7.9,1.5,critical,0.3,1,236,ids,1,3
4.9,8.6,5.8,medium,0.73,0,1690,ids,9,3
2.4,5.9,6.5,low,0.39,1,122,ids,0,2
7.2,1.9,3.0,critical,0.3,1,1204,printer,2,2
9.9,9.1,3.6,low,0.62,0,316,printer,10,3
8.9,7.5,1.3,medium,0.78,1,1498,server,10,3
5.3,4.8,6.2,medium,0.77,0,1549,ids,11,2
2.2,8.3,6.7,low,0.14,0,861,workstation,7,2
9.6,3.0,9.2,low,0.15,0,1401,ids,0,3
6.6,2.1,4.1,high,0.6,0,1738,ids,11,2
4.3,4.0,8.7,medium,0.67,0,1096,firewall,8,2
3.8,4.0,2.3,low,0.27,1,1495,firewall,10,2
6.3,4.5,5.4,high,0.22,1,1785,ids,7,2
9.6,2.7,7.1,low,0.11,0,1776,printer,12,3
3.1,9.3,2.1,low,0.24,1,1260,printer,0,2
5.3,5.8,4.8,critical,0.93,1,777,firewall,8,3
5.9,8.7,4.7,high,0.12,0,1330,printer,9,2
9.1,8.4,9.8,critical,0.83,0,134,server,7,4
8.5,6.3,7.0,medium,0.6,1,666,server,2,4
7.9,6.1,6.3,critical,0.84,0,1428,server,9,3
7.0,2.1,5.1,high,0.9,0,50,printer,5,3
8.9,3.1,6.8,critical,0.35,0,220,printer,10,3
3.5,2.7,4.3,medium,0.84,1,562,firewall,1,2
8.4,1.2,3.7,critical,0.61,0,154,firewall,11,2
7.1,5.8,8.1,critical,0.93,1,1337,firewall,10,4
9.8,4.8,5.0,critical,0.11,0,214,server,12,3
5.8,4.8,9.6,low,0.63,1,455,workstation,4,3
3.6,8.5,1.1,medium,0.78,1,103,firewall,4,2
8.4,5.3,8.5,critical,0.22,1,1114,ids,2,3
6.1,7.6,8.2,high,0.79,0,1192,server,11,3
9.4,7.0,2.9,critical,0.68,0,1688,server,12,3
6.8,8.6,2.8,low,0.99,0,146,firewall,9,3
7.8,5.9,5.3,low,0.32,0,1690,server,3,3
7.4,2.4,8.6,low,0.84,1,1347,workstation,8,3
8.5,7.6,1.7,high,0.16,1,735,server,7,3
4.2,5.2,8.0,critical,0.78,0,446,ids,7,2
4.6,9.9,4.5,critical,0.31,1,604,printer,7,3
6.6,8.4,8.8,high,0.22,1,1432,workstation,11,3
7.1,2.2,3.9,low,0.67,1,28,printer,8,3
7.6,3.0,8.2,high,0.92,0,505,server,0,3
2.5,4.2,4.6,medium,0.15,1,1591,ids,3,2
9.4,7.5,7.4,critical,0.97,1,1101,server,9,4
3.0,7.0,8.1,high,0.37,1,714,workstation,9,2
5.8,7.6,4.8,medium,0.48,1,185,firewall,0,3
7.7,4.0,9.9,medium,0.36,0,1483,server,6,3
6.5,2.3,4.2,low,0.81,0,1639,printer,5,2
9.6,9.1,1.2,critical,0.69,0,11,ids,10,3
7.9,8.6,3.4,high,0.37,1,67,printer,1,3
4.5,4.2,1.9,critical,0.64,1,1516,workstation,4,2
10.0,6.6,9.1,high,1.0,0,1785,ids,3,4
6.7,6.1,3.4,critical,0.41,0,659,workstation,1,2
7.6,8.2,1.4,medium,0.16,0,1422,workstation,6,2
3.9,6.6,9.0,critical,0.76,0,91,ids,10,3
5.5,3.9,7.1,medium,0.46,0,790,firewall,6,2
7.8,7.6,4.1,low,0.32,1,234,server,11,3
7.6,9.2,3.3,critical,0.49,1,1918,ids,9,3
7.0,1.9,6.0,medium,0.62,1,1725,ids,10,3
7.7,7.0,8.5,critical,0.25,1,1440,ids,7,3
3.5,7.0,3.9,high,0.63,1,1119,printer,8,2
6.8,2.8,1.4,critical,0.36,0,1867,workstation,0,2
9.9,1.4,6.9,low,0.96,1,231,firewall,11,4
7.1,4.9,5.5,critical,0.9,0,204,firewall,12,3
4.0,4.9,6.5,critical,0.39,1,1261,server,1,2
9.8,3.4,5.9,high,0.95,1,1570,firewall,0,4
9.4,7.8,8.6,critical,0.13,0,548,printer,12,3
5.6,4.6,8.8,critical,0.4,0,1933,ids,3,2
5.8,9.8,7.9,high,0.78,1,1358,ids,3,4
8.1,9.0,3.5,critical,0.11,1,190,server,7,3
9.3,6.0,6.7,high,0.16,0,1503,ids,10,3
7.7,2.3,4.7,critical,0.28,0,1447,server,3,2
7.7,8.5,5.7,critical,0.28,0,1460,firewall,8,3
8.3,2.6,9.8,high,0.64,1,343,server,9,4
7.3,3.5,5.4,critical,0.44,0,1617,ids,1,2
7.7,6.3,9.3,high,0.22,0,202,firewall,2,3
9.6,8.5,7.5,critical,0.43,0,625,printer,6,3
5.6,2.4,1.9,critical,0.54,0,1099,firewall,1,2
6.2,7.5,8.0,critical,0.7,0,1754,firewall,3,3
7.9,2.3,3.0,high,0.33,0,596,firewall,1,2
3.0,7.3,9.9,critical,0.54,1,1864,ids,1,3
8.9,8.6,4.2,critical,0.94,1,1369,server,8,4
4.4,5.1,4.5,medium,0.28,0,1021,printer,10,2
8.0,9.0,3.3,high,0.36,0,53,workstation,6,3
8.3,9.2,9.0,critical,0.82,0,553,ids,1,4
8.6,5.2,10.0,medium,0.35,1,1161,firewall,5,4
2.5,4.5,5.3,medium,0.72,0,650,printer,10,2
8.0,9.0,7.9,medium,0.56,0,240,workstation,7,3
3.7,9.7,7.3,medium,0.32,1,1893,ids,5,3
3.0,9.6,8.5,high,0.55,0,807,printer,8,2
8.9,3.4,3.5,medium,0.92,0,216,workstation,10,3
3.7,9.7,7.1,high,0.89,1,923,ids,5,3
9.3,3.3,9.1,critical,0.61,0,950,printer,6,3
5.4,1.1,8.8,critical,0.14,1,306,workstation,7,2
2.7,7.8,9.8,low,0.78,1,998,server,7,3
5.6,8.3,2.2,medium,0.93,1,209,printer,4,3
6.7,7.2,1.3,high,0.32,1,1376,ids,10,3
2.9,2.2,9.4,low,0.99,0,1655,printer,0,2
5.5,4.0,1.4,high,0.96,0,156,firewall,3,2
9.5,7.2,6.8,low,0.68,0,980,workstation,9,3
2.5,6.7,1.6,low,0.38,1,1662,workstation,6,2
7.6,1.4,3.5,high,0.76,0,97,workstation,5,2
9.8,8.2,6.4,high,0.47,0,156,ids,7,3
8.5,6.1,4.2,critical,0.37,0,1226,firewall,4,3
6.8,9.5,4.0,medium,0.64,1,132,printer,11,3
6.9,2.4,6.2,low,0.12,0,1695,ids,3,2
9.1,4.5,6.1,critical,0.94,0,1285,printer,12,3
5.4,4.2,9.4,low,0.56,1,1418,ids,11,3
8.4,7.0,1.9,medium,0.84,0,1968,server,6,3
9.1,1.6,8.0,critical,0.24,0,112,workstation,10,3
6.6,3.5,2.6,high,0.53,1,971,firewall,5,2
7.9,1.9,3.3,low,0.64,1,337,server,8,3
2.8,8.6,7.5,low,0.42,0,291,firewall,5,2
9.1,7.8,7.2,critical,0.5,0,1473,firewall,6,3
4.4,5.8,5.5,medium,0.14,0,82,firewall,2,2
5.9,7.0,3.4,high,0.68,1,357,server,9,3
7.4,2.7,8.7,low,0.53,1,489,ids,9,3
3.2,2.7,3.7,low,0.82,1,1084,firewall,6,2
3.2,3.5,9.2,high,0.24,1,55,ids,8,2
7.8,6.1,1.9,high,0.58,0,1581,server,9,2
9.4,9.6,4.1,high,0.85,0,1194,workstation,11,4
5.4,5.2,7.7,critical,0.21,1,1975,firewall,10,3
7.8,4.4,8.6,critical,0.53,1,168,server,6,3
8.9,10.0,9.4,medium,0.71,0,754,ids,6,4
8.8,9.0,2.6,medium,0.36,0,546,firewall,2,3
8.7,9.1,8.2,medium,0.9,0,251,workstation,1,4
2.1,6.4,2.1,low,0.28,0,1653,printer,3,1
7.0,5.0,9.9,medium,0.91,0,348,workstation,11,3
2.7,5.0,5.1,low,0.56,0,1555,ids,0,2
3.0,7.9,4.9,low,0.71,0,843,ids,12,2
8.0,8.2,2.9,low,0.24,1,1583,ids,9,3
7.0,7.6,9.8,medium,0.79,1,637,firewall,2,4
8.0,5.0,4.7,high,0.33,0,1797,workstation,6,2
3.3,3.2,9.5,high,0.75,0,1971,printer,1,2
5.7,1.8,4.1,high,0.66,1,561,firewall,12,2
2.6,1.2,4.3,high,0.94,0,163,ids,12,2
2.0,4.9,3.0,high,0.22,1,1703,printer,8,1
8.7,8.7,4.1,high,0.33,1,288,ids,2,3
8.1,1.8,1.9,low,0.15,1,1086,workstation,9,2
7.3,4.9,9.2,critical,0.54,1,579,firewall,9,3
7.1,3.9,6.0,low,0.26,0,868,server,1,2
4.7,6.4,1.2,medium,0.36,0,229,workstation,3,2
9.5,8.0,7.6,medium,0.48,0,1344,workstation,5,3
6.4,8.7,4.1,high,0.26,0,481,printer,7,2
4.3,8.9,8.4,medium,0.99,0,735,printer,8,3
5.6,9.0,8.6,medium,0.96,1,1479,workstation,10,4
6.3,8.8,3.5,medium,0.77,0,1482,firewall,0,3
7.9,3.5,6.4,high,0.38,1,1212,firewall,5,3
5.7,5.8,2.3,low,0.92,0,142,firewall,10,2
9.6,5.5,3.7,high,0.78,1,325,firewall,6,4
7.5,4.7,3.2,medium,0.6,0,1098,workstation,3,2
3.3,4.8,2.4,medium,0.22,1,291,firewall,7,2
5.8,9.7,5.6,low,0.63,0,881,ids,2,3
3.5,7.9,8.2,low,0.28,1,1415,ids,12,3
9.1,6.8,5.2,critical,0.99,1,1055,ids,11,4
9.7,1.7,8.9,low,0.81,0,461,firewall,4,3
4.0,3.1,2.4,medium,0.11,0,463,printer,0,1
2.4,6.4,4.9,medium,0.95,0,387,server,9,2
2.6,4.3,9.2,high,0.79,0,1136,ids,11,2
3.7,7.2,7.0,high,0.23,0,1214,printer,10,2
8.0,2.7,2.3,high,0.26,1,58,server,9,2
4.3,6.4,7.8,low,0.74,1,1980,workstation,6,3
2.3,7.2,3.9,medium,0.58,1,947,printer,11,2
7.2,1.7,7.0,critical,0.91,1,8,printer,10,3
7.4,7.9,7.2,high,0.73,0,1344,printer,8,3
5.9,6.8,6.0,low,0.62,0,1881,ids,5,3
9.9,7.5,3.4,low,0.75,1,1684,ids,5,4
4.8,8.1,9.6,medium,0.28,1,319,server,2,3
7.5,6.3,7.9,high,0.88,1,1697,firewall,11,4
2.7,3.1,8.9,low,0.71,0,1704,ids,4,2
2.2,3.9,2.6,low,0.46,1,154,server,10,2
7.7,9.8,5.2,critical,0.79,1,1626,firewall,5,4
2.5,5.6,7.8,critical,0.93,1,157,printer,4,3
6.6,5.2,6.3,critical,0.52,1,155,ids,7,3
8.6,7.6,1.6,critical,0.6,1,16,workstation,11,3
8.5,9.2,5.0,critical,0.74,1,724,printer,0,4
9.4,5.3,3.7,critical,0.59,1,508,ids,4,3
9.8,8.4,2.0,medium,0.55,0,23,firewall,4,3
5.8,7.0,2.4,high,0.99,1,1246,printer,10,3
9.5,2.0,2.2,low,0.95,1,221,firewall,10,3
4.0,2.5,8.5,high,0.38,0,1441,printer,4,2
3.2,4.4,5.2,high,0.33,1,1866,printer,6,2
8.7,5.8,3.3,low,0.78,1,981,server,7,3
9.5,6.6,1.9,medium,0.13,0,318,workstation,0,2
3.2,3.0,9.2,medium,0.89,0,221,ids,4,2
3.2,5.0,4.1,low,0.12,1,406,firewall,5,2
4.2,6.8,2.6,high,0.16,1,20,ids,11,2
3.0,9.1,3.8,low,0.18,1,1413,printer,7,2
7.1,9.0,6.7,high,0.99,1,406,printer,5,4
5.9,9.3,3.1,low,0.25,0,543,ids,11,2
4.7,9.4,8.6,low,0.25,1,923,workstation,7,3
9.0,7.7,6.0,medium,0.78,1,1639,firewall,0,4
6.3,7.0,8.7,low,0.98,1,560,ids,3,4
3.6,7.3,6.3,low,0.28,1,233,printer,12,2
8.1,6.3,8.5,low,0.19,1,543,printer,5,3
4.4,5.1,8.6,low,0.94,0,349,server,2,3
6.8,9.9,9.8,medium,0.62,1,1341,printer,5,4
3.1,8.8,7.7,critical,0.71,1,1634,ids,5,3
2.0,8.7,9.0,low,0.76,1,1189,ids,9,3
8.1,7.7,5.5,low,0.5,1,1164,workstation,12,3
9.1,2.8,9.5,high,0.99,0,910,server,9,4
2.4,2.9,6.8,high,0.36,1,534,server,0,2
4.8,1.4,1.1,critical,0.85,1,1204,server,3,2
4.0,7.2,3.3,medium,0.44,1,718,ids,2,2
4.4,3.5,7.9,critical,0.46,0,64,server,10,2
7.2,8.2,5.7,critical,0.17,1,1808,workstation,1,3
6.8,1.3,2.4,high,0.86,1,268,firewall,7,3
4.3,6.7,6.8,high,0.48,0,42,firewall,10,2
5.8,6.3,7.5,critical,0.51,0,628,printer,0,3
4.8,5.6,3.2,medium,0.48,0,1134,workstation,3,2
9.7,9.3,1.5,high,0.55,0,269,firewall,4,3
2.3,9.0,1.7,high,0.42,0,1522,ids,9,1
5.0,6.6,5.2,high,0.34,1,95,firewall,7,3
4.3,1.7,7.3,high,0.49,1,1922,ids,7,2
6.8,3.0,8.1,low,0.2,0,1383,printer,8,2
6.6,3.6,3.5,low,0.78,0,1717,ids,7,2
7.7,9.2,8.1,low,0.21,0,1741,firewall,9,3
2.1,9.0,1.4,critical,0.97,1,342,workstation,10,2
3.5,4.4,6.2,medium,0.99,1,1860,server,0,3
7.2,1.8,6.2,critical,0.94,0,1544,workstation,3,3
2.2,3.8,8.7,critical,0.53,0,238,ids,1,2
7.6,4.6,3.8,medium,0.84,1,840,firewall,7,3
2.2,3.6,9.9,medium,0.82,0,605,server,10,2
8.7,8.5,2.9,medium,0.33,1,1664,server,5,3
6.8,1.5,6.3,high,1.0,0,270,ids,1,3
9.4,9.6,2.0,critical,0.48,1,272,ids,7,4
4.1,6.9,6.4,critical,0.7,0,1173,ids,12,2
3.2,6.7,8.1,low,0.82,0,482,workstation,3,2
8.7,7.9,3.4,critical,0.65,1,1742,ids,6,4
9.5,6.0,5.0,low,0.9,0,47,server,12,3
4.8,3.7,7.4,critical,0.51,1,1607,server,3,3
10.0,3.6,1.8,low,0.51,1,1308,firewall,6,3
2.0,7.2,7.9,medium,0.71,1,740,ids,6,3
3.6,5.3,3.5,medium,0.17,0,1660,ids,0,1
7.6,9.3,6.0,critical,0.77,1,1787,workstation,7,4
3.3,5.3,5.0,low,0.57,1,146,workstation,8,2
2.5,7.9,4.2,critical,0.85,0,710,firewall,10,2
2.6,7.9,6.1,high,0.52,1,241,ids,7,2
6.1,3.6,2.6,low,0.77,1,1876,server,1,3
4.0,7.2,3.3,critical,0.1,0,71,ids,2,1
5.7,9.4,1.7,high,0.11,0,1212,firewall,8,2
2.3,8.7,4.3,critical,0.23,0,232,workstation,3,1
9.2,8.0,3.9,critical,0.87,0,55,ids,1,3
4.7,6.8,7.7,low,0.8,0,246,workstation,1,3
3.3,7.0,7.7,medium,0.95,1,146,ids,12,3
9.4,5.7,9.4,medium,0.33,1,293,ids,5,4
7.1,7.5,6.3,high,0.8,1,870,server,2,4
9.9,7.6,1.2,high,0.7,0,344,printer,11,3
3.7,3.0,7.2,critical,0.83,0,1695,server,0,2
3.5,9.8,1.8,medium,0.14,0,1548,workstation,7,2
6.7,8.6,5.0,high,0.21,1,938,firewall,2,3
3.7,4.7,8.3,high,0.51,0,302,ids,6,2
8.4,1.2,8.4,high,0.12,0,765,printer,12,2
7.6,2.4,5.2,low,0.57,1,1848,firewall,8,3
7.5,1.7,3.6,low,0.73,1,1262,ids,9,3
6.1,4.1,1.3,low,0.48,1,1599,printer,8,2
3.0,9.4,3.8,high,0.36,0,838,printer,12,2
8.1,10.0,6.8,low,0.13,1,1814,workstation,1,3
9.3,1.3,6.8,critical,0.87,0,41,printer,7,3
9.3,7.2,4.3,high,0.29,0,504,ids,7,3
2.3,4.6,3.2,medium,0.54,0,223,firewall,12,1
2.4,5.4,3.6,critical,0.52,0,1955,ids,3,1
9.5,4.5,1.9,medium,0.3,1,458,server,11,3
7.9,1.8,8.9,critical,0.46,0,1817,printer,4,3
4.1,4.3,7.1,high,0.54,0,895,printer,3,2
7.5,3.3,6.0,low,0.2,1,1294,workstation,5,3
8.2,8.6,9.6,critical,0.39,0,1615,ids,7,3
8.3,8.4,5.4,high,0.69,0,43,server,11,3
4.6,5.3,3.6,low,0.79,0,1763,ids,2,2
4.7,7.3,9.5,high,0.94,1,1439,server,10,4
5.4,9.1,4.1,medium,0.54,0,469,ids,0,2
6.5,10.0,2.0,high,0.39,1,565,workstation,2,3
7.6,2.6,1.3,low,0.94,0,582,server,0,2
7.7,6.6,5.0,medium,0.45,1,844,firewall,6,3
9.0,5.0,6.5,low,0.31,0,1690,printer,4,3
3.9,2.0,3.8,medium,0.21,1,599,server,0,2
8.6,7.5,6.1,critical,0.92,0,1346,ids,5,3
2.6,6.4,6.9,high,0.8,1,1900,printer,6,3
6.0,9.1,5.9,critical,0.96,0,1299,server,6,3
7.2,9.2,4.3,low,0.56,1,115,server,7,3
9.2,9.2,2.5,high,0.71,0,211,firewall,3,3
6.8,8.4,4.0,critical,0.82,0,1914,firewall,0,3
4.3,6.1,1.4,medium,0.73,0,335,workstation,2,2
8.5,9.4,2.1,medium,0.49,1,1352,server,4,3
9.6,4.6,9.6,high,0.93,0,1814,workstation,7,4
7.1,1.6,2.0,medium,0.31,0,1831,server,3,2
5.5,5.3,8.5,medium,0.47,0,639,ids,12,2
8.5,4.6,6.1,critical,0.52,1,906,firewall,8,3
9.8,4.1,5.4,high,0.67,1,1352,firewall,4,4
9.3,4.7,1.4,medium,0.92,0,1163,server,9,3
7.7,9.8,3.6,low,0.34,1,948,firewall,10,3
8.5,6.7,4.5,critical,0.99,0,1620,printer,8,3
3.8,6.9,8.1,critical,0.97,1,417,workstation,2,3
9.7,9.2,2.0,high,0.58,0,1104,ids,8,3
8.8,2.6,3.9,high,0.6,1,1235,firewall,2,3
9.3,5.9,1.8,medium,0.39,0,776,printer,12,3
7.6,9.2,7.9,high,0.34,1,1881,workstation,4,4
6.8,3.3,9.5,critical,0.36,1,653,printer,12,3
2.9,9.0,6.6,high,0.59,0,928,printer,8,2
6.2,9.6,9.4,medium,0.69,0,1636,printer,6,3
4.0,2.3,2.8,medium,0.33,1,1313,workstation,6,2
5.5,7.9,8.0,medium,0.51,1,274,printer,10,3
7.2,4.6,3.6,medium,0.77,1,918,printer,0,3
5.1,1.7,1.2,medium,0.68,1,924,ids,11,2
2.0,8.1,9.4,medium,0.35,0,1253,ids,12,2
6.1,3.7,2.8,medium,0.78,1,1867,workstation,7,3
8.3,9.4,6.5,medium,0.89,1,1488,firewall,2,4
6.6,6.5,7.1,medium,0.86,1,1022,server,7,4
5.0,9.5,8.1,critical,0.48,1,1449,workstation,6,3
6.1,5.2,2.2,low,0.91,1,1686,ids,2,3
9.5,7.8,1.7,low,0.17,1,1394,server,2,3
4.7,9.1,9.2,critical,0.58,1,442,workstation,9,3
5.2,8.5,3.7,low,0.38,0,789,ids,5,2
9.8,8.4,7.6,medium,0.57,1,784,workstation,6,4
8.1,9.7,4.0,high,0.27,1,145,ids,6,3
8.5,2.9,8.1,high,0.42,1,126,firewall,2,3
8.4,5.8,5.7,critical,0.75,1,1228,server,4,4
7.4,4.1,6.0,medium,0.63,0,1315,firewall,12,3
2.9,3.4,3.9,low,0.12,1,1346,ids,0,1
6.8,2.8,8.8,high,0.4,1,821,server,6,3
3.7,6.5,3.4,low,0.68,1,1931,server,4,2
7.5,1.3,3.6,high,0.69,0,394,server,5,2
9.9,3.1,3.1,high,0.56,1,203,workstation,11,3
6.8,8.7,6.8,high,0.44,1,769,firewall,12,3
2.1,6.1,7.9,critical,0.75,1,346,ids,9,3
5.1,6.6,3.7,high,0.68,0,332,printer,11,2
6.7,3.6,5.8,medium,0.38,0,1320,server,12,2
4.2,2.4,3.3,critical,0.62,1,666,workstation,2,2
6.3,5.9,7.5,high,0.93,0,233,ids,0,3
2.8,4.0,6.7,high,0.68,0,625,firewall,12,2
2.5,1.8,4.6,low,0.66,1,82,printer,6,2
3.1,8.8,6.1,medium,0.63,0,1274,workstation,12,2
8.2,8.9,2.6,high,0.86,1,667,ids,8,4
2.3,2.3,6.8,high,0.57,0,520,printer,4,1
3.4,6.5,8.4,medium,0.79,0,1125,server,5,2
6.1,5.5,5.0,medium,0.51,0,1043,printer,5,2
6.4,1.9,2.1,low,0.26,1,78,printer,3,2
5.7,4.9,4.6,low,0.49,0,601,printer,10,2
8.4,5.5,9.5,medium,0.55,0,1988,firewall,5,3
2.7,2.7,9.4,critical,0.79,1,513,server,11,3
7.5,1.4,1.3,low,0.44,0,1754,firewall,4,2
5.9,5.3,4.6,medium,0.91,1,1198,ids,5,3
8.7,7.0,3.0,critical,0.72,1,1079,firewall,8,3
2.7,5.3,7.3,low,0.84,0,1998,printer,3,2
4.3,3.8,2.1,medium,0.7,0,759,workstation,8,2
3.2,8.0,8.5,critical,0.44,0,1761,ids,1,2
7.9,8.6,3.3,high,0.3,1,626,server,3,3
2.3,1.1,5.1,high,0.89,1,735,ids,8,2
7.6,7.5,6.3,high,0.97,1,1214,printer,0,4
6.1,2.3,4.9,low,0.5,1,795,printer,4,2
10.0,5.6,2.9,medium,0.55,0,349,workstation,4,3
3.6,6.6,7.3,high,0.47,0,291,printer,2,2
8.4,3.7,7.5,critical,0.7,0,339,workstation,8,3
5.9,6.9,5.3,critical,0.57,1,1272,printer,12,3
7.8,8.1,6.6,high,0.79,0,149,firewall,3,3
4.0,9.1,9.9,high,0.85,0,1377,ids,2,3
7.4,7.8,1.2,critical,0.65,0,1043,firewall,12,3
2.6,6.9,4.0,medium,0.83,1,397,server,10,2
7.8,4.8,6.8,medium,0.29,1,193,server,10,3
6.5,7.4,9.0,medium,0.84,0,98,printer,8,3
7.0,5.6,9.9,low,0.2,1,270,firewall,12,3
9.0,1.0,2.5,critical,0.75,1,466,firewall,10,3
4.1,8.0,7.5,high,0.4,1,714,printer,11,3
4.4,9.9,6.7,low,0.63,1,732,server,2,3
4.7,8.1,3.3,critical,0.78,0,176,server,1,2
4.7,6.6,7.2,low,0.3,1,950,workstation,4,3
6.1,9.2,4.9,medium,0.92,0,968,printer,0,3
2.3,1.1,4.7,critical,0.96,0,659,workstation,5,2
4.5,5.3,7.1,medium,0.73,0,1020,printer,5,2
7.6,4.2,6.1,high,0.77,1,1781,printer,0,3
9.7,3.2,7.2,medium,0.26,1,253,firewall,7,3
3.2,3.5,3.4,low,0.99,0,159,ids,7,2
6.1,2.5,9.7,critical,0.45,1,869,printer,6,3
8.6,4.1,2.8,low,0.9,1,1493,printer,8,3
9.1,9.3,8.7,medium,0.39,1,143,server,0,4
7.6,2.2,4.1,medium,0.68,1,55,printer,8,3
9.0,9.4,7.4,critical,0.26,1,1571,printer,0,4
2.3,8.0,2.1,high,0.45,1,653,workstation,6,2
7.8,9.4,3.7,medium,0.99,0,1784,ids,1,3
9.3,6.7,7.7,medium,0.85,0,1907,ids,10,4
3.4,8.5,9.8,critical,0.7,1,1647,ids,8,3
9.7,7.5,3.2,critical,0.96,0,1045,firewall,1,3
3.6,8.1,8.1,high,0.77,0,1333,server,1,3
9.4,2.5,5.3,high,1.0,0,528,workstation,1,3
9.7,9.9,6.9,critical,0.55,0,1074,server,4,4
2.7,7.8,9.1,medium,0.55,0,1650,workstation,1,2
5.4,6.9,6.8,medium,0.47,0,384,server,2,2
4.6,1.5,8.1,critical,0.42,1,455,server,9,2
6.8,7.3,3.4,high,0.62,1,194,printer,8,3
9.2,8.2,4.0,medium,0.13,1,1753,firewall,4,3
2.9,1.9,9.6,low,1.0,1,1704,printer,0,3
4.9,7.6,1.5,medium,0.81,1,268,workstation,0,3
6.0,6.7,5.9,critical,0.37,1,287,server,8,3
4.4,7.8,9.4,medium,0.2,0,1933,printer,4,2
4.9,6.5,3.7,low,0.42,1,1854,server,4,2
8.2,7.1,10.0,critical,0.24,0,1153,ids,11,3
4.2,3.9,8.6,medium,0.86,0,64,workstation,12,2
3.5,5.5,4.4,medium,0.34,0,1832,ids,7,2
7.9,6.2,5.4,low,0.74,0,200,firewall,1,3
5.9,2.1,10.0,medium,0.91,1,752,firewall,10,3
2.7,2.1,2.5,high,0.14,1,1815,printer,2,1
4.3,9.0,7.8,critical,0.48,0,345,server,2,3
2.9,7.0,2.8,high,0.59,1,168,server,11,2
3.0,7.9,9.5,critical,0.27,0,1684,printer,9,2
2.7,6.5,9.7,low,0.5,1,755,printer,8,3
7.2,8.5,10.0,medium,0.84,0,813,server,4,4
8.0,8.3,6.9,low,0.51,0,288,workstation,5,3
3.6,6.3,5.7,high,0.59,1,420,server,11,3
3.6,8.3,4.4,low,0.56,0,933,firewall,1,2
6.6,1.4,1.9,medium,0.13,0,704,workstation,3,1
7.9,2.1,1.2,medium,0.85,1,622,firewall,2,3
4.7,1.2,2.7,high,0.93,0,1397,firewall,12,2
9.2,8.4,6.5,critical,0.51,0,1045,firewall,0,3
9.7,7.6,6.1,high,0.42,0,1743,printer,6,3
5.5,9.6,8.1,critical,0.83,0,94,server,10,3
3.4,8.7,5.8,critical,0.99,0,22,ids,0,3
6.2,9.2,3.4,medium,0.66,0,109,firewall,10,3
4.1,3.9,1.7,high,0.5,0,1266,ids,0,1
9.1,8.5,2.3,critical,0.28,1,235,server,6,3
9.2,7.2,2.2,medium,0.89,1,1153,server,1,4
9.3,9.3,2.7,high,0.69,0,485,workstation,4,3
6.8,9.8,1.3,medium,0.73,1,1927,server,9,3
7.6,2.3,9.9,critical,0.21,0,1041,firewall,2,2
8.2,4.2,2.6,low,0.38,0,756,ids,1,2
6.2,1.6,8.4,low,0.43,0,280,printer,1,2
9.2,3.0,6.0,high,0.44,0,717,workstation,9,3
9.2,10.0,10.0,high,0.62,1,847,ids,6,4
7.2,4.7,8.5,medium,0.97,1,1846,printer,7,4
7.2,5.4,1.5,high,0.72,0,92,ids,12,2
4.3,6.0,6.4,low,0.43,0,580,ids,6,2
4.2,8.0,7.1,critical,0.17,0,708,firewall,0,2
3.9,6.9,5.9,critical,0.77,1,1782,workstation,11,3
5.9,3.9,8.9,high,0.49,1,1887,server,8,3
5.4,7.1,1.8,high,0.8,1,1782,printer,4,3
8.3,7.0,4.1,medium,0.43,0,1572,printer,5,3
9.6,1.9,1.9,critical,0.9,0,821,ids,9,3
7.5,4.6,8.5,critical,0.86,1,1894,ids,0,4
8.3,8.2,2.7,high,0.63,1,298,workstation,1,3
8.8,2.4,4.6,high,0.62,0,434,firewall,1,3
5.5,1.8,4.6,low,0.2,0,350,workstation,5,1
8.4,5.9,7.3,medium,0.21,0,366,workstation,11,3
5.2,2.9,1.3,medium,0.86,0,1784,ids,5,2
4.3,9.3,4.7,critical,0.18,0,1257,printer,3,2
4.3,5.2,5.0,low,0.91,1,927,ids,6,3
8.0,6.1,4.0,critical,0.29,0,516,ids,9,2
3.7,9.3,2.3,medium,0.53,1,1090,workstation,11,2
9.5,9.5,3.1,critical,0.15,0,815,firewall,3,3
2.3,2.2,7.0,medium,0.87,0,1748,ids,8,2
5.3,8.9,3.0,high,0.44,1,1361,workstation,5,3
5.3,2.0,1.6,low,0.28,1,1887,firewall,11,2
3.0,8.2,4.3,critical,0.82,1,294,ids,12,3
7.4,3.3,3.7,medium,0.81,0,412,firewall,9,2
8.4,2.5,5.2,low,0.5,0,973,printer,0,2
9.7,7.7,1.0,medium,0.89,0,134,workstation,3,3
2.7,9.6,8.8,medium,0.72,1,1396,firewall,7,3
9.5,5.0,9.8,low,0.64,0,1407,server,8,4
6.6,6.0,2.3,low,0.95,0,1060,firewall,3,3
8.5,4.5,3.8,low,0.79,1,1733,ids,5,3
2.7,7.7,4.3,low,0.32,1,591,ids,7,2
8.5,6.1,2.1,critical,0.74,0,339,ids,3,3
4.3,7.9,7.1,critical,0.48,0,979,firewall,9,2
6.8,7.8,8.7,low,0.92,1,164,printer,0,4
4.4,5.1,6.6,medium,0.95,0,1875,firewall,12,3
5.9,4.7,1.4,low,0.25,1,1717,workstation,4,2
2.3,5.3,1.1,low,0.18,1,162,printer,4,1
3.6,3.4,2.4,critical,0.3,0,345,workstation,5,1
4.9,1.3,8.0,critical,0.58,1,540,firewall,1,2
3.1,7.1,1.1,critical,0.74,1,203,firewall,12,2
3.6,3.2,2.0,critical,1.0,0,1960,printer,0,2
9.8,3.9,6.9,critical,0.96,0,1642,ids,1,4
6.3,7.8,3.4,high,0.99,1,195,firewall,0,3
2.1,1.6,2.4,critical,0.45,0,1362,workstation,0,1
9.6,3.4,6.5,high,0.93,0,1689,printer,9,3
9.8,5.9,6.5,critical,0.66,0,1702,workstation,11,3
5.5,4.2,2.5,critical,0.39,0,626,printer,11,2
4.6,6.5,4.2,low,0.75,1,1388,server,2,3
5.4,6.9,4.0,low,0.21,0,1011,workstation,1,2
5.4,9.2,8.8,high,0.65,0,1635,ids,2,3
3.2,8.6,3.9,low,0.27,1,1004,workstation,9,2
8.3,8.1,1.1,critical,0.47,1,1265,firewall,3,3
8.6,5.1,4.9,low,0.26,0,1549,server,2,2
9.3,4.6,2.4,medium,0.67,0,483,firewall,9,3
9.3,8.8,4.8,medium,0.22,0,786,workstation,8,3
4.9,1.9,2.7,high,0.78,0,1091,firewall,2,2
4.9,2.5,2.7,medium,0.33,1,1751,ids,4,2
5.8,7.1,2.5,low,0.15,0,696,ids,11,2
7.6,6.4,3.0,high,0.17,0,718,ids,1,2
8.2,3.3,3.9,high,0.48,1,116,server,1,3
7.4,2.6,1.8,low,0.85,1,232,ids,10,3
7.8,3.5,8.1,high,0.89,1,1585,printer,8,4
3.7,5.0,2.1,critical,0.52,1,329,workstation,7,2
6.8,2.8,8.1,critical,0.56,1,1987,server,0,3
8.4,4.4,1.0,medium,0.16,0,802,ids,7,2
8.6,8.7,1.2,high,0.26,0,1595,printer,11,2
6.3,6.3,8.4,low,0.57,1,489,server,12,3
6.9,3.9,7.4,critical,0.29,0,526,printer,7,2
2.4,7.0,7.1,high,0.92,0,962,printer,11,2
8.1,8.2,6.1,low,0.56,0,1121,printer,3,3
5.0,1.3,5.8,low,0.81,0,636,ids,6,2
4.6,8.0,2.3,medium,0.76,1,1330,server,11,3
3.8,9.2,1.9,low,0.65,1,988,ids,8,3
6.3,8.3,7.5,low,0.71,1,659,ids,11,4
8.0,1.3,4.7,medium,0.58,0,986,printer,3,2
6.8,3.2,4.9,high,0.44,0,651,printer,1,2
4.7,2.1,3.6,medium,0.12,1,1790,server,10,2
8.8,3.3,3.7,low,0.26,1,453,printer,10,3
5.1,7.2,8.9,low,0.5,0,1207,firewall,12,3
9.2,6.8,7.6,high,0.24,0,589,firewall,12,3
6.8,3.2,7.0,medium,0.79,0,859,server,11,3
9.3,4.1,3.9,medium,0.48,0,113,firewall,6,3
2.1,2.4,3.5,high,0.44,1,1812,printer,11,1
7.0,6.8,3.4,low,0.16,0,1674,workstation,12,2
9.3,7.3,2.6,critical,0.7,1,1387,workstation,3,4
4.4,7.8,8.1,high,0.11,1,1698,firewall,7,3
3.5,2.0,4.3,high,0.82,0,435,firewall,12,2
3.2,1.8,7.0,low,0.55,1,1164,workstation,7,2
5.4,1.0,7.5,medium,0.19,0,1963,workstation,5,2
5.4,5.9,2.1,medium,0.73,0,509,workstation,7,2
8.0,4.9,10.0,medium,0.89,1,1625,workstation,9,4
3.6,7.1,7.4,medium,0.82,0,1535,ids,11,2
7.2,2.9,5.8,high,0.91,1,1948,firewall,3,3
9.9,8.6,2.5,medium,0.35,0,1204,firewall,4,3
4.5,6.5,3.5,high,0.82,0,681,firewall,3,2
7.6,4.8,2.9,high,0.63,1,1008,printer,11,3
3.7,1.3,7.7,medium,0.19,1,321,ids,4,2
8.8,8.7,5.9,low,0.26,0,1008,server,11,3
2.5,3.9,7.9,medium,0.33,1,1675,server,8,2
8.5,6.8,1.6,low,0.95,0,310,ids,5,3
4.0,8.4,7.9,high,0.47,1,1887,ids,1,3
3.6,7.2,6.5,critical,0.36,0,243,ids,7,2
3.6,5.2,10.0,medium,0.7,0,707,ids,9,2
7.7,5.6,7.1,medium,0.12,1,1527,firewall,11,3
9.1,3.8,9.1,medium,0.94,1,1626,ids,12,4
7.1,8.3,5.0,medium,0.7,1,1676,server,8,3
7.1,8.0,7.6,critical,0.41,1,328,firewall,9,3
6.7,5.4,1.1,high,0.53,1,1785,ids,2,3
3.1,2.6,5.5,critical,0.92,0,768,ids,2,2
5.0,1.3,1.8,critical,0.96,0,516,ids,11,2
9.6,8.3,2.6,low,0.28,0,858,firewall,2,3
8.0,4.7,7.3,critical,0.8,0,574,workstation,10,3
9.6,9.7,3.7,low,0.45,1,868,ids,9,4
2.8,3.8,2.4,critical,0.91,0,762,printer,9,2
4.8,6.6,9.0,high,0.34,0,1814,workstation,7,2
8.4,7.4,6.6,high,0.19,1,599,ids,3,3
8.3,5.0,3.9,high,0.12,1,1089,workstation,8,3
8.0,4.5,4.6,critical,0.76,0,365,server,10,3
6.3,9.7,6.1,critical,0.39,1,1597,printer,7,3
4.7,7.6,5.0,low,0.14,1,1427,printer,4,2
8.2,1.7,6.0,low,0.14,0,719,firewall,7,2
2.4,8.7,9.7,low,0.64,1,1217,workstation,9,3
9.2,6.5,3.3,high,0.54,1,1878,firewall,2,3
4.3,2.1,2.2,critical,0.81,1,228,printer,1,2
2.1,2.8,2.2,medium,0.2,1,946,printer,12,1
3.5,4.0,6.7,medium,0.7,1,402,workstation,3,2
3.4,4.8,9.2,medium,0.42,0,1787,workstation,3,2
6.5,9.8,9.7,medium,0.25,0,27,firewall,12,3
3.9,6.2,3.5,low,0.82,0,46,ids,8,2
2.1,5.9,7.9,high,0.35,0,477,server,3,2
4.2,5.5,4.4,low,1.0,0,826,firewall,2,2
9.9,4.7,1.7,critical,0.41,0,1404,ids,1,3
6.5,3.7,8.6,medium,0.98,1,1564,server,8,4
6.6,8.8,5.6,critical,0.26,1,620,workstation,1,3
6.0,1.5,6.6,high,0.63,0,509,server,10,2
5.3,8.1,7.6,low,0.82,0,1686,server,5,3
7.5,5.0,2.9,critical,0.85,1,1493,firewall,1,3
5.6,4.9,6.0,critical,0.99,0,290,ids,0,3
4.9,1.3,4.9,medium,0.72,0,720,server,2,2
2.0,1.7,9.1,high,0.32,1,504,workstation,5,2
4.0,1.0,4.5,critical,0.39,0,1717,server,6,1
5.3,5.5,2.1,high,0.99,1,896,firewall,9,3
9.1,2.6,7.8,medium,0.96,1,1732,firewall,7,4
8.0,7.4,7.6,medium,0.29,1,1327,workstation,11,3
3.1,8.4,1.8,critical,0.26,1,1546,server,3,2
4.9,7.4,8.7,low,0.68,1,1911,firewall,11,3
3.5,1.1,8.4,low,0.17,1,1555,printer,6,2
4.8,3.0,5.0,high,0.98,0,1155,printer,3,2
5.1,8.4,3.6,critical,0.58,1,1183,ids,5,3
5.4,2.5,6.2,critical,0.22,1,1103,firewall,6,2
7.0,6.6,1.8,high,0.67,0,1844,ids,3,2
7.6,6.5,3.7,critical,0.88,1,129,printer,11,3
5.1,8.8,2.4,high,0.99,1,1564,printer,7,3
7.4,3.7,7.2,high,0.9,0,871,workstation,8,3
5.2,3.7,1.1,low,0.64,1,451,firewall,8,2
7.8,8.9,5.9,low,0.34,0,318,firewall,11,3
9.8,5.5,9.2,low,0.39,1,1203,printer,3,4
8.3,4.1,7.7,critical,0.18,0,1708,workstation,10,3
2.9,3.6,8.2,critical,0.6,1,107,ids,8,2
7.8,5.5,2.5,low,0.33,1,774,server,11,3
4.0,6.8,9.5,low,0.24,0,106,printer,5,2
4.1,6.8,1.8,medium,0.77,0,230,ids,1,2
8.5,6.0,5.3,high,0.75,0,1739,firewall,5,3
8.2,3.6,2.3,high,0.82,1,364,workstation,8,3
3.8,6.0,4.0,critical,0.92,1,1365,firewall,8,3
8.1,2.6,6.0,critical,0.32,1,1198,server,4,3
8.7,9.7,9.3,medium,0.54,0,1867,workstation,1,4
9.9,3.0,6.7,high,0.93,0,1998,firewall,4,3
2.9,9.7,1.5,high,0.18,0,999,printer,12,1
2.2,5.7,9.6,critical,0.47,0,1400,workstation,12,2
4.7,9.1,4.6,high,0.91,1,1513,ids,12,3
6.8,3.3,3.0,medium,0.32,1,1143,firewall,11,2
8.2,7.7,2.0,low,0.64,0,7,ids,9,3
9.9,2.8,6.0,low,0.77,1,529,workstation,5,4
2.1,9.9,5.2,low,0.94,0,1973,printer,6,2
4.9,7.1,8.5,medium,0.55,0,219,ids,12,3
8.2,1.5,1.5,medium,0.21,1,363,workstation,1,2
3.7,7.1,6.4,medium,0.46,0,8,ids,10,2
7.2,1.2,5.7,low,0.65,1,295,workstation,4,3
9.6,5.1,5.2,high,0.81,0,1887,firewall,6,3
2.5,4.9,2.1,critical,0.54,0,1788,ids,10,1
2.9,6.1,2.7,high,0.34,0,77,ids,1,1
8.0,4.0,8.4,low,0.84,0,1998,ids,0,3
9.8,5.4,5.6,low,0.96,1,1405,ids,7,4
7.9,9.8,7.4,critical,0.21,1,1080,workstation,9,4
8.5,8.7,3.4,critical,0.14,0,665,server,8,3
3.8,7.6,3.4,low,0.49,1,1789,firewall,4,2
5.3,8.9,6.8,high,0.83,0,377,ids,0,3
2.3,9.9,4.6,medium,0.73,1,831,ids,2,3
3.2,5.2,4.4,low,0.38,0,1373,firewall,2,1
4.8,5.3,2.7,low,0.73,1,335,ids,0,2
8.4,6.2,8.0,high,0.71,0,1822,printer,4,3
2.8,4.7,8.6,medium,0.47,0,1081,ids,6,2
4.2,4.1,5.4,critical,0.13,1,1958,printer,4,2
7.7,8.5,8.8,critical,0.6,0,1946,printer,6,3
5.0,3.0,8.3,critical,0.12,0,13,ids,12,2
3.8,7.9,1.5,high,0.67,0,426,firewall,2,2
7.6,3.8,8.6,critical,0.65,0,167,ids,3,3
2.0,2.0,3.3,medium,0.65,0,1972,ids,4,1
3.4,9.8,3.2,medium,0.7,0,40,workstation,6,2
9.0,2.8,9.4,critical,0.27,1,947,firewall,6,3
6.3,4.1,7.9,high,0.51,0,941,workstation,9,2
5.4,8.4,5.6,critical,0.19,1,1130,printer,2,3
4.4,3.5,8.8,high,0.58,0,1804,printer,1,2
2.7,3.7,4.9,high,0.22,0,211,ids,11,1
6.6,3.8,8.7,critical,0.88,1,1810,ids,10,3
5.0,2.9,6.9,low,0.22,1,555,workstation,6,2
6.5,3.0,7.6,medium,0.87,0,1661,printer,1,3
2.0,8.6,6.0,high,0.52,1,453,workstation,9,2
6.5,7.1,5.3,critical,0.17,0,205,ids,9,2
8.7,7.7,9.5,low,0.24,0,392,server,5,3
6.8,2.3,4.4,low,0.44,1,148,server,8,2
2.0,9.0,2.3,critical,0.77,1,180,ids,8,2
8.9,8.9,1.8,high,0.49,0,1363,workstation,9,3
2.2,4.1,3.6,critical,0.68,1,110,firewall,8,2
3.2,3.6,1.7,medium,0.15,0,1831,ids,12,1
9.9,5.6,5.7,medium,0.26,0,589,ids,3,3
8.9,6.3,1.1,low,0.75,1,1954,workstation,3,3
6.0,4.3,2.7,medium,0.17,0,1932,printer,7,2
3.0,3.4,3.3,low,0.64,1,831,firewall,7,2
4.0,6.9,1.8,low,0.21,1,684,server,4,2
5.8,4.5,7.2,medium,0.83,0,1722,server,11,3
4.9,6.2,4.7,medium,0.16,0,1440,ids,9,2
6.6,6.2,9.6,high,0.17,0,1182,server,12,3
9.5,6.6,3.6,low,0.18,1,478,printer,0,3
2.9,4.0,6.8,medium,0.96,0,1486,firewall,2,2
9.3,4.6,4.3,medium,0.25,1,934,workstation,0,3
9.2,9.0,5.5,critical,0.58,0,1991,ids,12,3
8.4,2.7,1.1,high,0.9,1,1465,firewall,4,3
2.4,5.2,5.2,medium,0.26,0,1891,firewall,5,1
4.8,7.4,3.4,high,0.25,0,968,server,2,2
8.2,3.0,6.4,medium,0.31,0,1519,firewall,0,2
4.6,7.7,6.9,low,0.92,1,1387,firewall,6,3
3.5,2.3,4.9,low,0.23,1,736,ids,11,2
5.4,1.5,6.6,critical,0.77,0,473,printer,3,2
9.9,6.8,1.7,low,0.81,0,321,printer,9,3
2.1,4.3,9.3,critical,0.24,1,498,firewall,4,2
8.0,8.0,4.6,critical,0.16,0,1522,ids,8,3
9.5,2.4,8.3,medium,0.32,0,1172,workstation,9,3
4.5,4.4,6.9,low,0.17,0,705,server,1,2
7.0,8.0,9.9,critical,0.65,0,283,firewall,5,3
7.9,9.2,9.5,critical,0.88,1,1958,ids,11,4
9.1,6.0,2.8,critical,0.49,1,954,firewall,12,3
9.2,5.8,1.9,critical,0.61,1,1521,server,1,3
6.5,8.8,5.5,medium,0.64,0,1955,firewall,0,3
7.7,8.3,9.6,high,0.91,1,1106,printer,2,4
2.1,4.1,4.3,high,0.9,1,925,ids,8,2
3.4,1.1,4.0,medium,0.51,1,719,server,6,2
5.5,2.9,6.3,high,0.21,1,1359,printer,10,2
9.3,9.8,6.5,high,0.36,0,479,printer,9,3
4.8,7.1,6.3,medium,0.21,0,1327,ids,11,2
4.8,9.1,9.0,low,0.73,0,223,ids,2,3
4.1,3.1,7.2,low,0.18,1,130,server,9,2
8.5,3.1,3.0,medium,0.52,0,1962,firewall,7,2
4.8,4.3,1.5,high,0.43,0,59,firewall,0,1
6.8,4.9,7.7,high,0.62,0,1052,server,9,3
7.9,8.3,2.4,critical,0.72,1,659,printer,8,3
7.5,8.8,7.7,medium,0.14,1,1637,workstation,6,3
3.3,4.4,2.9,critical,0.2,0,1967,ids,3,1
2.5,8.0,7.5,high,0.67,1,916,printer,8,3
6.3,5.6,3.6,critical,0.83,0,295,ids,4,3
6.0,5.9,1.6,medium,0.87,1,1808,server,6,3
6.4,9.4,6.8,low,0.74,1,104,ids,0,4
9.1,1.5,8.9,high,0.16,1,720,printer,0,3
4.7,7.7,4.7,low,0.3,1,908,printer,8,2
7.4,4.1,9.9,critical,0.21,1,445,ids,4,3
4.0,6.1,8.1,high,0.57,1,371,printer,5,3
6.8,5.9,6.0,low,0.13,0,1517,server,2,2
2.9,6.0,2.8,critical,0.89,0,865,workstation,2,2
6.0,7.8,3.0,low,0.15,0,378,server,10,2
3.8,3.8,6.4,low,0.61,0,1377,printer,11,2
6.5,5.6,6.8,medium,1.0,0,4,server,9,3
2.4,4.4,3.8,medium,0.18,0,670,server,9,1
3.3,1.7,9.0,critical,0.54,0,1195,printer,4,2
6.9,2.5,6.4,medium,0.79,0,146,printer,3,3
10.0,3.6,3.5,low,0.15,1,1920,workstation,11,3
4.6,1.3,4.0,medium,0.88,1,1509,ids,10,2
8.2,6.6,10.0,medium,0.2,0,394,ids,1,3
4.0,10.0,6.2,critical,0.93,1,1452,printer,12,3
5.3,2.9,1.2,low,0.83,1,1308,ids,4,2
9.3,6.3,1.3,low,0.67,0,1581,ids,4,3
3.7,6.6,4.3,medium,0.53,1,1107,printer,8,2
8.9,5.6,5.3,critical,0.34,1,1134,printer,8,3
4.6,7.1,6.4,critical,0.45,0,1686,workstation,9,2
8.1,1.6,5.3,critical,0.14,1,530,printer,6,2
3.0,3.0,4.9,medium,0.66,1,1632,printer,0,2
5.2,2.2,3.0,critical,0.88,0,1526,printer,6,2
7.2,2.5,6.8,high,0.51,0,461,ids,10,2
6.0,8.8,4.8,high,0.56,1,1496,workstation,11,3
9.0,9.7,5.2,medium,0.86,0,793,workstation,7,4
2.9,6.6,4.2,critical,0.75,1,792,server,8,2
4.9,3.9,1.8,critical,0.3,1,1321,printer,2,2
3.4,2.6,6.9,low,0.34,1,84,workstation,9,2
5.3,7.6,9.0,medium,0.67,0,1452,ids,9,3
2.8,9.7,2.0,high,0.93,1,842,workstation,12,3
9.7,1.7,7.7,critical,0.38,0,447,printer,10,3
8.7,4.0,6.9,low,0.3,0,1072,printer,11,3
9.8,1.4,6.4,low,0.45,0,1311,ids,8,3
6.0,9.0,9.7,critical,0.27,1,400,firewall,11,3
3.9,4.0,4.7,critical,0.79,1,1602,printer,2,2
6.9,8.0,7.9,low,0.33,0,624,server,6,3
3.3,4.0,3.8,low,0.8,1,790,server,3,2
5.0,1.9,1.9,low,0.82,1,1010,workstation,11,2
9.8,2.1,1.3,medium,0.82,0,54,workstation,1,3
6.8,6.2,9.3,low,0.25,1,1876,workstation,7,3
4.3,3.1,5.6,critical,0.39,1,1931,firewall,10,2
7.6,7.9,8.2,medium,0.17,0,1629,printer,4,3
7.4,9.3,9.7,low,0.87,0,674,printer,9,4
3.1,3.7,3.2,low,0.32,0,1231,workstation,0,1
3.5,6.5,9.4,critical,0.3,1,503,workstation,7,3
3.5,7.5,8.9,low,0.26,1,431,server,3,3
4.0,8.0,1.5,high,0.18,0,1607,firewall,11,1
5.1,3.7,7.1,critical,0.89,0,1217,firewall,11,2
9.2,5.9,9.5,critical,0.99,0,135,firewall,0,4
8.1,8.6,9.3,critical,0.5,1,1605,ids,8,4
2.5,10.0,6.7,high,0.54,1,1604,firewall,3,3
